-- MySQL dump 10.13  Distrib 5.6.22, for osx10.8 (x86_64)
--
-- Host: localhost    Database: tollcontrol
-- ------------------------------------------------------
-- Server version	5.6.25

/*!40101 SET @OLD_CHARACTER_SET_CLIENT=@@CHARACTER_SET_CLIENT */;
/*!40101 SET @OLD_CHARACTER_SET_RESULTS=@@CHARACTER_SET_RESULTS */;
/*!40101 SET @OLD_COLLATION_CONNECTION=@@COLLATION_CONNECTION */;
/*!40101 SET NAMES utf8 */;
/*!40103 SET @OLD_TIME_ZONE=@@TIME_ZONE */;
/*!40103 SET TIME_ZONE='+00:00' */;
/*!40014 SET @OLD_UNIQUE_CHECKS=@@UNIQUE_CHECKS, UNIQUE_CHECKS=0 */;
/*!40014 SET @OLD_FOREIGN_KEY_CHECKS=@@FOREIGN_KEY_CHECKS, FOREIGN_KEY_CHECKS=0 */;
/*!40101 SET @OLD_SQL_MODE=@@SQL_MODE, SQL_MODE='NO_AUTO_VALUE_ON_ZERO' */;
/*!40111 SET @OLD_SQL_NOTES=@@SQL_NOTES, SQL_NOTES=0 */;

--
-- Table structure for table `connection`
--

DROP TABLE IF EXISTS `connection`;
/*!40101 SET @saved_cs_client     = @@character_set_client */;
/*!40101 SET character_set_client = utf8 */;
CREATE TABLE `connection` (
  `tollid` int(11) NOT NULL,
  `intersection` int(11) NOT NULL,
  PRIMARY KEY (`tollid`,`intersection`),
  KEY `intersection` (`intersection`),
  CONSTRAINT `connection_ibfk_1` FOREIGN KEY (`tollid`) REFERENCES `toll` (`tollid`),
  CONSTRAINT `connection_ibfk_2` FOREIGN KEY (`intersection`) REFERENCES `intersection` (`intid`)
) ENGINE=InnoDB DEFAULT CHARSET=utf8;
/*!40101 SET character_set_client = @saved_cs_client */;

--
-- Dumping data for table `connection`
--

LOCK TABLES `connection` WRITE;
/*!40000 ALTER TABLE `connection` DISABLE KEYS */;
INSERT INTO `connection` VALUES (1,1),(2,2),(3,2),(4,3),(5,3),(6,4),(7,5),(8,6),(9,6),(10,7),(11,7),(12,8),(1,9),(2,9),(7,9),(8,9),(13,9),(3,10),(4,10),(9,10),(10,10),(13,10),(14,10),(5,11),(6,11),(11,11),(12,11),(14,11);
/*!40000 ALTER TABLE `connection` ENABLE KEYS */;
UNLOCK TABLES;

--
-- Table structure for table `infraction`
--

DROP TABLE IF EXISTS `infraction`;
/*!40101 SET @saved_cs_client     = @@character_set_client */;
/*!40101 SET character_set_client = utf8 */;
CREATE TABLE `infraction` (
  `plate` int(11) NOT NULL,
  `date` timestamp NOT NULL DEFAULT CURRENT_TIMESTAMP,
  `tollid` int(11) NOT NULL,
  `booth` int(11) NOT NULL,
  PRIMARY KEY (`date`,`tollid`,`booth`),
  KEY `tollid` (`tollid`,`booth`),
  CONSTRAINT `infraction_ibfk_1` FOREIGN KEY (`tollid`, `booth`) REFERENCES `tollbooth` (`tollid`, `booth`),
  CONSTRAINT `infraction_ibfk_2` FOREIGN KEY (`tollid`) REFERENCES `toll` (`tollid`)
) ENGINE=InnoDB DEFAULT CHARSET=utf8;
/*!40101 SET character_set_client = @saved_cs_client */;

--
-- Dumping data for table `infraction`
--

LOCK TABLES `infraction` WRITE;
/*!40000 ALTER TABLE `infraction` DISABLE KEYS */;
/*!40000 ALTER TABLE `infraction` ENABLE KEYS */;
UNLOCK TABLES;

--
-- Table structure for table `intersection`
--

DROP TABLE IF EXISTS `intersection`;
/*!40101 SET @saved_cs_client     = @@character_set_client */;
/*!40101 SET character_set_client = utf8 */;
CREATE TABLE `intersection` (
  `intid` int(11) NOT NULL,
  `intname` varchar(30) NOT NULL,
  PRIMARY KEY (`intid`)
) ENGINE=InnoDB DEFAULT CHARSET=utf8;
/*!40101 SET character_set_client = @saved_cs_client */;

--
-- Dumping data for table `intersection`
--

LOCK TABLES `intersection` WRITE;
/*!40000 ALTER TABLE `intersection` DISABLE KEYS */;
INSERT INTO `intersection` VALUES (1,'Entrada1'),(2,'Entrada2'),(3,'Entrada3'),(4,'Entrada4'),(5,'Entrada5'),(6,'Entrada6'),(7,'Entrada7'),(8,'Entrada8'),(9,'Int1'),(10,'Int2'),(11,'Int3');
/*!40000 ALTER TABLE `intersection` ENABLE KEYS */;
UNLOCK TABLES;

--
-- Table structure for table `manager`
--

DROP TABLE IF EXISTS `manager`;
/*!40101 SET @saved_cs_client     = @@character_set_client */;
/*!40101 SET character_set_client = utf8 */;
CREATE TABLE `manager` (
  `managerid` int(11) NOT NULL,
  `tollid` int(11) NOT NULL,
  PRIMARY KEY (`managerid`),
  UNIQUE KEY `managerid` (`managerid`),
  UNIQUE KEY `tollid` (`tollid`),
  CONSTRAINT `manager_ibfk_1` FOREIGN KEY (`tollid`) REFERENCES `toll` (`tollid`)
) ENGINE=InnoDB DEFAULT CHARSET=utf8;
/*!40101 SET character_set_client = @saved_cs_client */;

--
-- Dumping data for table `manager`
--

LOCK TABLES `manager` WRITE;
/*!40000 ALTER TABLE `manager` DISABLE KEYS */;
INSERT INTO `manager` VALUES (1,1),(2,2),(3,3),(4,4),(5,5),(6,6),(7,7),(8,8),(9,9),(10,10),(11,11),(12,12),(13,13),(14,14);
/*!40000 ALTER TABLE `manager` ENABLE KEYS */;
UNLOCK TABLES;

--
-- Table structure for table `operator`
--

DROP TABLE IF EXISTS `operator`;
/*!40101 SET @saved_cs_client     = @@character_set_client */;
/*!40101 SET character_set_client = utf8 */;
CREATE TABLE `operator` (
  `tollid` int(11) NOT NULL,
  `booth` int(11) NOT NULL,
  `operatorid` int(11) NOT NULL,
  PRIMARY KEY (`operatorid`),
  KEY `tollid` (`tollid`),
  KEY `booth` (`booth`),
  KEY `tollid_2` (`tollid`,`booth`),
  CONSTRAINT `operator_ibfk_1` FOREIGN KEY (`tollid`, `booth`) REFERENCES `tollbooth` (`tollid`, `booth`),
  CONSTRAINT `operator_ibfk_2` FOREIGN KEY (`tollid`) REFERENCES `toll` (`tollid`)
) ENGINE=InnoDB DEFAULT CHARSET=utf8;
/*!40101 SET character_set_client = @saved_cs_client */;

--
-- Dumping data for table `operator`
--

LOCK TABLES `operator` WRITE;
/*!40000 ALTER TABLE `operator` DISABLE KEYS */;
INSERT INTO `operator` VALUES (1,1,1),(1,2,2),(1,3,3),(1,4,4),(1,5,5),(1,6,6),(2,1,7),(2,2,8),(2,3,9),(2,4,10),(2,5,11),(2,6,12),(3,1,13),(3,2,14),(3,3,15),(3,4,16),(3,5,17),(3,6,18),(4,1,19),(4,2,20),(4,3,21),(4,4,22),(4,5,23),(4,6,24),(5,1,25),(5,2,26),(5,3,27),(5,4,28),(5,5,29),(5,6,30),(6,1,31),(6,2,32),(6,3,33),(6,4,34),(6,5,35),(6,6,36),(7,1,37),(7,2,38),(7,3,39),(7,4,40),(7,5,41),(7,6,42),(8,1,43),(8,2,44),(8,3,45),(8,4,46),(8,5,47),(8,6,48),(9,1,49),(9,2,50),(9,3,51),(9,4,52),(9,5,53),(9,6,54),(10,1,55),(10,2,56),(10,3,57),(10,4,58),(10,5,59),(10,6,60),(11,1,61),(11,2,62),(11,3,63),(11,4,64),(11,5,65),(11,6,66),(12,1,67),(12,2,68),(12,3,69),(12,4,70),(12,5,71),(12,6,72),(13,1,73),(13,2,74),(13,3,75),(13,4,76),(13,5,77),(13,6,78),(14,1,79),(14,2,80),(14,3,81),(14,4,82),(14,5,83),(14,6,84);
/*!40000 ALTER TABLE `operator` ENABLE KEYS */;
UNLOCK TABLES;

--
-- Table structure for table `toll`
--

DROP TABLE IF EXISTS `toll`;
/*!40101 SET @saved_cs_client     = @@character_set_client */;
/*!40101 SET character_set_client = utf8 */;
CREATE TABLE `toll` (
  `tollid` int(11) NOT NULL,
  `tollname` varchar(30) NOT NULL,
  PRIMARY KEY (`tollid`)
) ENGINE=InnoDB DEFAULT CHARSET=utf8;
/*!40101 SET character_set_client = @saved_cs_client */;

--
-- Dumping data for table `toll`
--

LOCK TABLES `toll` WRITE;
/*!40000 ALTER TABLE `toll` DISABLE KEYS */;
INSERT INTO `toll` VALUES (1,'toll1-9'),(2,'toll2-9'),(3,'toll2-10'),(4,'toll3-10'),(5,'toll3-11'),(6,'toll4-11'),(7,'toll5-9'),(8,'toll6-9'),(9,'toll6-10'),(10,'toll7-10'),(11,'toll7-11'),(12,'toll8-11'),(13,'toll9-10'),(14,'toll10-11');
/*!40000 ALTER TABLE `toll` ENABLE KEYS */;
UNLOCK TABLES;

--
-- Table structure for table `tollbooth`
--

DROP TABLE IF EXISTS `tollbooth`;
/*!40101 SET @saved_cs_client     = @@character_set_client */;
/*!40101 SET character_set_client = utf8 */;
CREATE TABLE `tollbooth` (
  `tollid` int(11) NOT NULL,
  `booth` int(11) NOT NULL,
  `boothtype` int(11) NOT NULL,
  PRIMARY KEY (`tollid`,`booth`),
  CONSTRAINT `tollbooth_ibfk_1` FOREIGN KEY (`tollid`) REFERENCES `toll` (`tollid`)
) ENGINE=InnoDB DEFAULT CHARSET=utf8;
/*!40101 SET character_set_client = @saved_cs_client */;

--
-- Dumping data for table `tollbooth`
--

LOCK TABLES `tollbooth` WRITE;
/*!40000 ALTER TABLE `tollbooth` DISABLE KEYS */;
INSERT INTO `tollbooth` VALUES (1,1,1),(1,2,2),(1,3,3),(1,4,1),(1,5,2),(1,6,3),(2,1,1),(2,2,2),(2,3,3),(2,4,1),(2,5,2),(2,6,3),(3,1,1),(3,2,2),(3,3,3),(3,4,1),(3,5,2),(3,6,3),(4,1,1),(4,2,2),(4,3,3),(4,4,1),(4,5,2),(4,6,3),(5,1,1),(5,2,2),(5,3,3),(5,4,1),(5,5,2),(5,6,3),(6,1,1),(6,2,2),(6,3,3),(6,4,1),(6,5,2),(6,6,3),(7,1,1),(7,2,2),(7,3,3),(7,4,1),(7,5,2),(7,6,3),(8,1,1),(8,2,2),(8,3,3),(8,4,1),(8,5,2),(8,6,3),(9,1,1),(9,2,2),(9,3,3),(9,4,1),(9,5,2),(9,6,3),(10,1,1),(10,2,2),(10,3,3),(10,4,1),(10,5,2),(10,6,3),(11,1,1),(11,2,2),(11,3,3),(11,4,1),(11,5,2),(11,6,3),(12,1,1),(12,2,2),(12,3,3),(12,4,1),(12,5,2),(12,6,3),(13,1,1),(13,2,2),(13,3,3),(13,4,1),(13,5,2),(13,6,3),(14,1,1),(14,2,2),(14,3,3),(14,4,1),(14,5,2),(14,6,3);
/*!40000 ALTER TABLE `tollbooth` ENABLE KEYS */;
UNLOCK TABLES;

--
-- Table structure for table `tollcash`
--

DROP TABLE IF EXISTS `tollcash`;
/*!40101 SET @saved_cs_client     = @@character_set_client */;
/*!40101 SET character_set_client = utf8 */;
CREATE TABLE `tollcash` (
  `amount` double NOT NULL,
  `date` timestamp NOT NULL DEFAULT CURRENT_TIMESTAMP,
  `tollid` int(11) NOT NULL,
  `booth` int(11) NOT NULL,
  PRIMARY KEY (`date`,`tollid`,`booth`),
  KEY `tollid` (`tollid`,`booth`),
  CONSTRAINT `tollcash_ibfk_1` FOREIGN KEY (`tollid`, `booth`) REFERENCES `tollbooth` (`tollid`, `booth`),
  CONSTRAINT `tollcash_ibfk_2` FOREIGN KEY (`tollid`) REFERENCES `toll` (`tollid`)
) ENGINE=InnoDB DEFAULT CHARSET=utf8;
/*!40101 SET character_set_client = @saved_cs_client */;

--
-- Dumping data for table `tollcash`
--

LOCK TABLES `tollcash` WRITE;
/*!40000 ALTER TABLE `tollcash` DISABLE KEYS */;
INSERT INTO `tollcash` VALUES (5,'2015-06-03 06:24:59',9,1),(5,'2015-06-03 06:25:01',14,1),(5,'2015-06-03 06:25:03',12,1),(5,'2015-06-03 06:25:06',1,1),(5,'2015-06-03 06:25:17',11,1),(5,'2015-06-03 06:25:24',5,1),(5,'2015-06-03 06:25:26',2,1),(5,'2015-06-03 06:26:27',4,1),(5,'2015-06-03 06:26:33',3,1),(5,'2015-06-03 06:27:01',10,1),(5,'2015-06-03 06:27:03',3,1),(5,'2015-06-03 06:27:08',12,1),(5,'2015-06-03 06:27:12',6,1),(5,'2015-06-03 06:28:18',13,1),(5,'2015-06-03 06:28:20',7,1),(5,'2015-06-03 06:28:22',12,1),(5,'2015-06-03 06:28:27',9,1),(5,'2015-06-03 06:28:52',12,1),(5,'2015-06-03 06:28:57',9,1),(5,'2015-06-03 06:34:29',8,1),(5,'2015-06-03 06:35:07',7,1),(5,'2015-06-03 06:35:28',10,1),(5,'2015-06-03 06:35:42',1,1),(5,'2015-06-03 06:36:28',4,1),(5,'2015-06-03 06:41:18',10,1),(5,'2015-06-03 06:41:28',1,1),(5,'2015-06-03 06:47:06',10,1),(5,'2015-06-03 06:49:00',5,1),(5,'2015-06-03 06:49:07',6,1),(5,'2015-06-03 07:04:04',2,1),(5,'2015-06-03 07:04:21',7,1),(5,'2015-06-03 07:04:27',4,1),(5,'2015-06-03 07:04:28',3,1),(5,'2015-06-03 07:04:38',8,1),(5,'2015-06-03 07:04:51',7,1),(5,'2015-06-03 07:04:53',9,1),(5,'2015-06-03 07:06:55',6,1),(5,'2015-06-03 07:07:01',1,1),(5,'2015-06-03 07:07:16',7,1),(5,'2015-06-03 07:07:21',10,1),(5,'2015-06-03 07:07:22',9,1),(5,'2015-06-03 07:07:31',1,1),(5,'2015-06-03 07:07:46',7,1),(5,'2015-06-03 07:08:12',10,1),(5,'2015-06-03 07:08:43',7,1),(5,'2015-06-03 07:14:43',10,1),(5,'2015-06-03 07:15:26',7,1),(5,'2015-06-03 07:15:28',13,1),(5,'2015-06-03 07:15:37',11,1),(5,'2015-06-03 07:15:39',9,1),(5,'2015-06-03 07:15:48',6,1),(5,'2015-06-03 14:40:05',2,1),(5,'2015-06-03 14:41:05',1,1),(5,'2015-06-03 14:44:57',6,1),(5,'2015-06-03 14:45:11',10,1),(5,'2015-06-03 14:57:55',11,1),(5,'2015-06-03 14:58:01',1,1),(5,'2015-06-03 14:58:03',8,1),(5,'2015-06-03 14:58:12',7,1),(5,'2015-06-03 14:58:20',6,1),(5,'2015-06-03 15:02:32',9,1),(5,'2015-06-03 15:02:37',10,1),(5,'2015-06-03 15:03:41',5,1),(5,'2015-06-03 15:04:03',6,1),(5,'2015-06-03 15:04:12',5,1),(5,'2015-06-03 15:04:14',1,1),(5,'2015-06-03 15:04:31',11,1),(5,'2015-06-03 15:04:33',6,1),(5,'2015-06-03 15:09:00',2,1),(5,'2015-06-03 15:09:02',6,1),(5,'2015-06-03 15:09:04',4,1),(5,'2015-06-03 15:09:09',5,1),(5,'2015-06-03 15:09:11',10,1),(5,'2015-06-03 15:09:18',3,1),(5,'2015-06-03 15:09:29',9,1),(5,'2015-06-03 15:09:31',1,1),(5,'2015-06-03 15:10:00',7,1),(5,'2015-06-03 15:10:01',1,1),(5,'2015-06-03 15:10:02',14,1),(5,'2015-06-03 15:10:04',9,1),(5,'2015-06-03 15:10:05',13,1),(5,'2015-06-03 15:10:09',11,1),(5,'2015-06-03 15:10:17',5,1),(5,'2015-06-03 15:10:22',6,1),(5,'2015-06-03 15:10:31',1,1),(5,'2015-06-03 15:10:31',2,1),(5,'2015-06-03 15:10:32',14,1),(5,'2015-06-03 15:10:34',9,1),(5,'2015-06-03 15:10:35',13,1),(5,'2015-06-03 15:10:42',11,1),(5,'2015-06-03 15:10:44',7,1),(5,'2015-06-03 15:10:48',4,1),(5,'2015-06-03 15:18:55',7,1),(5,'2015-06-03 15:19:26',2,1),(5,'2015-06-03 15:19:30',1,1),(5,'2015-06-03 15:19:39',3,1),(5,'2015-06-03 15:19:45',6,1),(5,'2015-06-03 15:19:48',10,1),(5,'2015-06-03 15:19:54',5,1),(5,'2015-06-03 15:20:15',6,1),(5,'2015-06-03 15:20:16',2,1),(5,'2015-06-03 15:20:18',10,1),(5,'2015-06-03 15:20:19',9,1),(5,'2015-06-03 15:20:21',7,1),(5,'2015-06-03 15:20:26',8,1),(5,'2015-06-03 15:20:30',13,1),(5,'2015-06-03 15:20:34',1,1),(5,'2015-06-03 15:20:39',4,1),(5,'2015-06-03 15:20:45',11,1),(5,'2015-06-03 15:20:48',3,1),(5,'2015-06-03 15:20:48',10,1),(5,'2015-06-03 15:20:51',7,1),(5,'2015-06-03 15:26:34',9,1),(5,'2015-06-03 15:26:36',11,1),(5,'2015-06-03 15:26:38',7,1),(5,'2015-06-03 15:26:47',4,1),(5,'2015-06-03 15:26:58',10,1),(5,'2015-06-03 15:27:08',7,1),(5,'2015-06-03 15:27:09',9,1),(5,'2015-06-03 15:27:20',4,1),(5,'2015-06-03 15:27:31',8,1),(5,'2015-06-03 15:27:34',14,1),(5,'2015-06-03 15:27:36',6,1),(5,'2015-06-03 15:27:38',7,1),(5,'2015-06-03 15:27:38',13,1),(5,'2015-06-03 15:27:51',10,1),(5,'2015-06-03 15:27:58',9,1),(5,'2015-06-03 15:28:01',8,1),(5,'2015-06-03 15:28:07',1,1),(5,'2015-06-03 15:28:08',7,1),(5,'2015-06-03 15:28:08',13,1),(5,'2015-06-03 15:28:09',6,1),(5,'2015-06-03 15:28:13',5,1),(5,'2015-06-03 15:28:18',3,1),(5,'2015-06-03 15:28:21',10,1),(5,'2015-06-03 15:28:28',9,1),(5,'2015-06-03 15:28:31',8,1),(5,'2015-06-03 15:28:37',1,1),(5,'2015-06-03 15:28:38',7,1),(5,'2015-06-03 15:28:38',13,1),(5,'2015-06-03 15:28:43',5,1),(5,'2015-06-03 15:28:51',10,1),(5,'2015-06-03 15:28:58',9,1),(5,'2015-06-03 15:29:01',8,1),(5,'2015-06-03 15:29:04',3,1),(5,'2015-06-03 15:46:22',7,1),(5,'2015-06-03 15:46:36',4,1),(5,'2015-06-03 15:46:38',6,1),(5,'2015-06-03 15:46:47',8,1),(5,'2015-06-03 15:46:58',1,1),(5,'2015-06-03 15:47:08',6,1),(5,'2015-06-03 15:47:13',9,1),(5,'2015-06-03 15:47:15',5,1),(5,'2015-06-03 15:47:22',13,1),(5,'2015-06-03 15:47:26',2,1),(5,'2015-06-03 15:47:29',7,1),(5,'2015-06-03 15:49:49',10,1),(5,'2015-06-03 15:49:53',7,1),(5,'2015-06-03 15:50:04',9,1),(5,'2015-06-03 15:50:15',2,1),(5,'2015-06-03 15:50:20',8,1),(5,'2015-06-03 15:50:31',7,1),(5,'2015-06-03 15:50:34',9,1),(5,'2015-06-03 15:50:35',4,1),(5,'2015-06-03 15:50:45',2,1),(5,'2015-06-03 15:50:53',13,1),(5,'2015-06-03 15:50:59',6,1),(5,'2015-06-03 15:51:04',3,1),(5,'2015-06-03 15:51:04',9,1),(5,'2015-06-03 15:52:40',10,1),(5,'2015-06-03 15:52:42',2,1),(5,'2015-06-03 15:52:47',11,1),(5,'2015-06-03 15:53:10',10,1),(5,'2015-06-03 15:53:13',1,1),(5,'2015-06-03 15:53:28',9,1),(5,'2015-06-03 15:53:40',10,1),(5,'2015-06-03 15:53:40',13,1),(5,'2015-06-03 15:56:38',11,1),(5,'2015-06-03 15:56:51',1,1),(5,'2015-06-03 15:57:02',7,1),(5,'2015-06-03 15:57:17',6,1),(5,'2015-06-03 15:57:21',1,1),(5,'2015-06-03 15:57:26',5,1),(5,'2015-06-03 15:57:35',10,1),(5,'2015-06-03 15:58:55',6,1),(5,'2015-06-03 15:58:59',8,1),(5,'2015-06-03 15:59:06',9,1),(5,'2015-06-03 15:59:35',1,1),(5,'2015-06-03 15:59:36',9,1),(5,'2015-06-03 15:59:39',10,1),(5,'2015-06-03 15:59:43',7,1),(5,'2015-06-03 15:59:48',3,1),(5,'2015-06-03 15:59:55',14,1),(5,'2015-06-03 16:00:01',6,1),(5,'2015-06-03 16:00:06',9,1),(5,'2015-06-03 16:00:13',7,1),(5,'2015-06-03 16:00:18',3,1),(5,'2015-06-03 16:00:27',5,1),(5,'2015-06-03 16:00:31',6,1),(5,'2015-06-03 16:00:33',4,1),(5,'2015-06-03 16:00:35',13,1),(5,'2015-06-03 16:00:48',3,1),(5,'2015-06-03 16:00:48',14,1),(5,'2015-06-03 16:00:56',7,1),(5,'2015-06-03 16:01:05',13,1),(5,'2015-06-03 16:01:18',3,1),(5,'2015-06-03 16:01:18',9,1),(5,'2015-06-03 16:01:18',14,1),(5,'2015-06-03 16:01:26',7,1),(5,'2015-06-03 16:01:27',11,1),(5,'2015-06-03 16:01:30',5,1),(5,'2015-06-03 16:01:35',13,1),(5,'2015-06-03 16:01:48',3,1),(5,'2015-06-03 16:01:48',6,1),(5,'2015-06-03 16:01:48',9,1),(5,'2015-06-03 16:01:48',14,1),(5,'2015-06-03 16:02:05',7,1),(5,'2015-06-03 16:02:05',13,1),(5,'2015-06-03 16:02:10',1,1),(5,'2015-06-03 16:02:18',3,1),(5,'2015-06-03 16:02:18',6,1),(5,'2015-06-03 16:02:18',9,1),(5,'2015-06-03 16:02:18',14,1),(5,'2015-06-03 16:02:20',10,1),(5,'2015-06-03 16:02:35',13,1),(5,'2015-06-03 16:02:48',3,1),(5,'2015-06-03 16:02:48',6,1),(5,'2015-06-03 16:02:48',14,1),(5,'2015-06-03 16:02:49',1,1),(5,'2015-06-03 16:03:05',8,1),(5,'2015-06-03 16:03:05',13,1),(5,'2015-06-03 16:03:10',2,1),(5,'2015-06-03 16:03:18',3,1),(5,'2015-06-03 16:03:18',6,1),(5,'2015-06-03 16:03:18',11,1),(5,'2015-06-03 16:03:18',14,1),(5,'2015-06-03 16:03:33',7,1),(5,'2015-06-03 16:03:35',13,1),(5,'2015-06-03 16:03:43',4,1),(5,'2015-06-03 16:03:46',10,1),(5,'2015-06-03 16:03:48',2,1),(5,'2015-06-03 16:03:48',3,1),(5,'2015-06-03 16:03:48',6,1),(5,'2015-06-03 16:03:48',11,1),(5,'2015-06-03 16:03:48',14,1),(5,'2015-06-03 16:04:13',4,1),(5,'2015-06-03 16:04:16',1,1),(5,'2015-06-03 16:04:16',10,1),(5,'2015-06-03 16:04:18',2,1),(5,'2015-06-03 16:04:18',3,1),(5,'2015-06-03 16:04:18',6,1),(5,'2015-06-03 16:04:18',14,1),(5,'2015-06-03 16:06:35',10,1),(5,'2015-06-03 16:06:38',9,1),(5,'2015-06-03 16:06:41',2,1),(5,'2015-06-03 16:06:51',3,1),(5,'2015-06-03 16:07:28',8,1),(5,'2015-06-03 16:07:31',9,1),(5,'2015-06-03 16:07:35',13,1),(5,'2015-06-03 16:07:38',3,1),(5,'2015-06-03 16:07:42',1,1),(5,'2015-06-03 16:07:52',14,1),(5,'2015-06-03 16:07:58',6,1),(5,'2015-06-03 16:08:28',1,1),(5,'2015-06-03 16:08:28',9,1),(5,'2015-06-03 16:08:32',3,1),(5,'2015-06-03 16:08:35',2,1),(5,'2015-06-03 16:08:38',10,1),(5,'2015-06-03 16:08:44',7,1),(5,'2015-06-03 16:08:48',4,1),(5,'2015-06-03 16:08:52',5,1),(5,'2015-06-03 16:08:58',1,1),(5,'2015-06-03 16:08:58',14,1),(5,'2015-06-03 16:09:08',9,1),(5,'2015-06-03 16:09:18',7,1),(5,'2015-06-03 16:09:28',1,1),(5,'2015-06-03 16:09:28',10,1),(5,'2015-06-03 16:09:28',11,1),(5,'2015-06-03 16:09:38',9,1),(5,'2015-06-03 16:09:45',8,1),(5,'2015-06-03 16:09:48',3,1),(5,'2015-06-03 16:09:58',11,1),(5,'2015-06-03 16:10:08',1,1),(5,'2015-06-03 16:10:08',9,1),(5,'2015-06-03 16:10:08',14,1),(5,'2015-06-03 16:10:15',8,1),(5,'2015-06-03 16:10:18',3,1),(5,'2015-06-03 16:10:28',2,1),(5,'2015-06-03 16:10:28',5,1),(5,'2015-06-03 16:10:38',1,1),(5,'2015-06-03 16:10:38',4,1),(5,'2015-06-03 16:10:38',9,1),(5,'2015-06-03 16:10:38',10,1),(5,'2015-06-03 16:10:48',3,1),(5,'2015-06-03 16:10:58',5,1),(5,'2015-06-03 16:11:08',1,1),(5,'2015-06-03 16:11:08',6,1),(5,'2015-06-03 16:11:08',8,1),(5,'2015-06-03 16:11:08',9,1),(5,'2015-06-03 16:11:24',7,1),(5,'2015-06-03 16:11:38',4,1),(5,'2015-06-03 16:11:38',9,1),(5,'2015-06-03 16:11:38',14,1),(5,'2015-06-03 16:11:44',8,1),(5,'2015-06-03 16:11:47',2,1),(5,'2015-06-03 16:11:48',10,1),(5,'2015-06-03 16:11:54',7,1),(5,'2015-06-03 16:12:04',5,1),(5,'2015-06-03 16:12:08',4,1),(5,'2015-06-03 16:12:08',13,1),(5,'2015-06-03 16:12:14',8,1),(5,'2015-06-03 16:12:24',2,1),(5,'2015-06-03 16:12:24',7,1),(5,'2015-06-03 16:12:34',5,1),(5,'2015-06-03 16:12:38',4,1),(5,'2015-06-03 16:12:38',6,1),(5,'2015-06-03 16:12:38',10,1),(5,'2015-06-03 16:12:44',11,1),(5,'2015-06-03 16:12:47',1,1),(5,'2015-06-03 16:12:54',2,1),(5,'2015-06-03 16:12:54',3,1),(5,'2015-06-03 16:12:54',7,1),(5,'2015-06-03 16:13:08',14,1),(5,'2015-06-03 16:13:14',11,1),(5,'2015-06-03 16:13:17',1,1),(5,'2015-06-03 16:13:24',7,1),(5,'2015-06-03 16:13:24',13,1),(5,'2015-06-03 16:13:27',3,1),(5,'2015-06-03 16:13:34',4,1),(5,'2015-06-03 16:21:43',11,1),(5,'2015-06-03 16:21:56',4,1),(5,'2015-06-03 16:22:00',5,1),(5,'2015-06-03 16:22:03',2,1),(5,'2015-06-03 16:22:16',10,1),(5,'2015-06-03 16:22:19',7,1),(5,'2015-06-03 16:22:23',3,1),(5,'2015-06-03 16:22:33',4,1),(5,'2015-06-03 16:22:43',6,1),(5,'2015-06-03 16:22:53',3,1),(5,'2015-06-03 16:22:56',13,1),(5,'2015-06-03 16:23:00',11,1),(5,'2015-06-03 16:23:03',4,1),(5,'2015-06-03 16:23:03',7,1);
/*!40000 ALTER TABLE `tollcash` ENABLE KEYS */;
UNLOCK TABLES;

--
-- Table structure for table `tollphoto`
--

DROP TABLE IF EXISTS `tollphoto`;
/*!40101 SET @saved_cs_client     = @@character_set_client */;
/*!40101 SET character_set_client = utf8 */;
CREATE TABLE `tollphoto` (
  `amount` double NOT NULL,
  `date` timestamp NOT NULL DEFAULT CURRENT_TIMESTAMP ON UPDATE CURRENT_TIMESTAMP,
  `tollid` int(10) NOT NULL,
  `plate` varchar(6) NOT NULL,
  `booth` int(10) NOT NULL,
  PRIMARY KEY (`date`,`tollid`,`booth`),
  KEY `tollid` (`tollid`,`booth`),
  KEY `plate` (`plate`),
  CONSTRAINT `tollphoto_ibfk_1` FOREIGN KEY (`tollid`, `booth`) REFERENCES `tollbooth` (`tollid`, `booth`),
  CONSTRAINT `tollphoto_ibfk_2` FOREIGN KEY (`tollid`) REFERENCES `toll` (`tollid`)
) ENGINE=InnoDB DEFAULT CHARSET=utf8;
/*!40101 SET character_set_client = @saved_cs_client */;

--
-- Dumping data for table `tollphoto`
--

LOCK TABLES `tollphoto` WRITE;
/*!40000 ALTER TABLE `tollphoto` DISABLE KEYS */;
INSERT INTO `tollphoto` VALUES (5,'2015-06-03 06:25:10',2,'CKW264',3),(5,'2015-06-03 06:25:29',12,'AAA022',3),(5,'2015-06-03 06:26:24',3,'AWG104',3),(5,'2015-06-03 06:26:54',13,'AWG104',3),(5,'2015-06-03 06:26:56',12,'NQY286',3),(5,'2015-06-03 06:26:58',8,'AAA005',3),(5,'2015-06-03 06:27:15',7,'AAA003',3),(5,'2015-06-03 06:27:19',7,'AAA011',3),(5,'2015-06-03 06:28:25',7,'AAA018',3),(5,'2015-06-03 06:28:41',6,'AAA007',3),(5,'2015-06-03 06:28:50',10,'AAA011',3),(5,'2015-06-03 06:28:52',2,'AAA004',3),(5,'2015-06-03 06:28:55',8,'AAA018',3),(5,'2015-06-03 06:34:33',1,'AAA024',3),(5,'2015-06-03 06:34:53',6,'AAA016',3),(5,'2015-06-03 06:35:02',11,'AAA010',3),(5,'2015-06-03 06:35:04',7,'AAA001',3),(5,'2015-06-03 06:35:38',4,'AAA014',3),(5,'2015-06-03 06:35:40',2,'QGW045',3),(5,'2015-06-03 06:36:08',3,'AAA014',3),(5,'2015-06-03 06:36:10',1,'QGW045',3),(5,'2015-06-03 06:36:53',2,'HJT526',3),(5,'2015-06-03 06:37:00',1,'QGW045',3),(5,'2015-06-03 06:37:23',1,'HJT526',3),(5,'2015-06-03 06:37:30',2,'QGW045',3),(5,'2015-06-03 06:39:07',9,'EMW813',3),(5,'2015-06-03 06:41:16',1,'AAA025',3),(5,'2015-06-03 06:41:21',5,'AAA006',3),(5,'2015-06-03 06:41:23',6,'RYP637',3),(5,'2015-06-03 06:41:25',3,'AAA008',3),(5,'2015-06-03 06:41:32',1,'GLN337',3),(5,'2015-06-03 06:41:47',1,'VVF455',3),(5,'2015-06-03 06:47:04',7,'NQY286',3),(5,'2015-06-03 06:49:12',1,'AAA014',3),(5,'2015-06-03 06:49:14',7,'CKW264',3),(5,'2015-06-03 06:49:16',6,'AAA019',3),(5,'2015-06-03 07:01:04',4,'GLN337',3),(5,'2015-06-03 07:01:28',9,'KJT745',3),(5,'2015-06-03 07:01:35',13,'GLN337',3),(5,'2015-06-03 07:02:37',4,'AAA003',3),(5,'2015-06-03 07:03:15',7,'RXP812',3),(5,'2015-06-03 07:03:35',5,'WVR656',3),(5,'2015-06-03 07:03:59',8,'AAA017',3),(5,'2015-06-03 07:04:00',3,'AAA004',3),(5,'2015-06-03 07:04:03',11,'DIY117',3),(5,'2015-06-03 07:04:06',8,'AAA007',3),(5,'2015-06-03 07:04:07',1,'LOA145',3),(5,'2015-06-03 07:04:09',6,'AAA002',3),(5,'2015-06-03 07:04:10',6,'AAA018',3),(5,'2015-06-03 07:04:11',10,'GLN337',3),(5,'2015-06-03 07:04:12',2,'VVF455',3),(5,'2015-06-03 07:04:13',3,'GNU472',3),(5,'2015-06-03 07:04:17',4,'FDQ433',3),(5,'2015-06-03 07:04:18',1,'GLH406',3),(5,'2015-06-03 07:04:23',4,'AAA011',3),(5,'2015-06-03 07:04:29',1,'AAA017',3),(5,'2015-06-03 07:04:30',10,'AAA004',3),(5,'2015-06-03 07:04:33',6,'DIY117',3),(5,'2015-06-03 07:04:36',7,'AAA007',3),(5,'2015-06-03 07:04:37',13,'LOA145',3),(5,'2015-06-03 07:04:39',14,'AAA002',3),(5,'2015-06-03 07:04:40',14,'AAA018',3),(5,'2015-06-03 07:04:41',7,'AAA009',3),(5,'2015-06-03 07:04:41',13,'GLN337',3),(5,'2015-06-03 07:04:42',1,'VVF455',3),(5,'2015-06-03 07:04:42',10,'WVR656',3),(5,'2015-06-03 07:04:44',6,'AAA025',3),(5,'2015-06-03 07:04:44',14,'GNU472',3),(5,'2015-06-03 07:04:47',3,'FDQ433',3),(5,'2015-06-03 07:04:48',13,'GLH406',3),(5,'2015-06-03 07:04:53',3,'AAA011',3),(5,'2015-06-03 07:04:57',1,'JCG050',3),(5,'2015-06-03 07:06:48',10,'AAA022',3),(5,'2015-06-03 07:06:50',9,'HAJ583',3),(5,'2015-06-03 07:06:51',6,'IJH255',3),(5,'2015-06-03 07:06:52',4,'IFL856',3),(5,'2015-06-03 07:06:56',10,'EMW813',3),(5,'2015-06-03 07:07:00',4,'NFO321',3),(5,'2015-06-03 07:07:02',10,'WFS187',3),(5,'2015-06-03 07:07:06',7,'BSP837',3),(5,'2015-06-03 07:07:12',11,'QFY587',3),(5,'2015-06-03 07:07:13',10,'AAA024',3),(5,'2015-06-03 07:07:18',13,'AAA022',3),(5,'2015-06-03 07:07:20',10,'DIY117',3),(5,'2015-06-03 07:07:20',14,'HAJ583',3),(5,'2015-06-03 07:07:21',14,'IJH255',3),(5,'2015-06-03 07:07:22',13,'IFL856',3),(5,'2015-06-03 07:07:26',13,'EMW813',3),(5,'2015-06-03 07:07:30',13,'NFO321',3),(5,'2015-06-03 07:07:31',11,'LOA145',3),(5,'2015-06-03 07:07:32',6,'TVP842',3),(5,'2015-06-03 07:07:32',9,'WFS187',3),(5,'2015-06-03 07:07:36',8,'BSP837',3),(5,'2015-06-03 07:07:42',3,'FNX342',3),(5,'2015-06-03 07:07:42',5,'QFY587',3),(5,'2015-06-03 07:07:43',13,'AAA024',3),(5,'2015-06-03 07:07:45',6,'AAA006',3),(5,'2015-06-03 07:07:48',1,'AAA022',3),(5,'2015-06-03 07:07:50',6,'HAJ583',3),(5,'2015-06-03 07:07:50',10,'BFE848',3),(5,'2015-06-03 07:07:50',13,'DIY117',3),(5,'2015-06-03 07:07:51',2,'AAA002',3),(5,'2015-06-03 07:07:51',13,'IJH255',3),(5,'2015-06-03 07:08:14',1,'HPL118',3),(5,'2015-06-03 07:08:17',10,'AAA002',3),(5,'2015-06-03 07:08:19',9,'FNX342',3),(5,'2015-06-03 07:08:34',1,'XGR087',3),(5,'2015-06-03 07:08:38',2,'GGK686',3),(5,'2015-06-03 07:08:41',9,'AAA010',3),(5,'2015-06-03 07:08:44',9,'DTE537',3),(5,'2015-06-03 07:08:45',2,'AAA018',3),(5,'2015-06-03 07:14:45',9,'CKW264',3),(5,'2015-06-03 07:14:46',10,'BFE848',3),(5,'2015-06-03 07:14:47',3,'FNX342',3),(5,'2015-06-03 07:15:32',7,'AAA002',3),(5,'2015-06-03 07:15:43',2,'CKW264',3),(5,'2015-06-03 07:15:50',6,'YGS015',3),(5,'2015-06-03 14:44:36',2,'AAA021',3),(5,'2015-06-03 14:44:59',9,'EIX113',3),(5,'2015-06-03 14:45:01',1,'AAA014',3),(5,'2015-06-03 14:45:06',1,'AAA021',3),(5,'2015-06-03 14:45:07',5,'AYD488',3),(5,'2015-06-03 14:45:14',3,'HJT526',3),(5,'2015-06-03 14:45:16',5,'XGR087',3),(5,'2015-06-03 14:45:20',1,'AAA023',3),(5,'2015-06-03 14:58:05',6,'AAA009',3),(5,'2015-06-03 14:58:06',11,'LOA145',3),(5,'2015-06-03 14:58:14',2,'AAA005',3),(5,'2015-06-03 14:58:18',9,'HJT526',3),(5,'2015-06-03 14:58:22',7,'CKW264',3),(5,'2015-06-03 15:02:34',6,'AAA021',3),(5,'2015-06-03 15:02:50',6,'NPG204',3),(5,'2015-06-03 15:02:52',3,'GGK686',3),(5,'2015-06-03 15:03:39',7,'AAA001',3),(5,'2015-06-03 15:03:43',9,'AAA003',3),(5,'2015-06-03 15:03:46',5,'EMW813',3),(5,'2015-06-03 15:03:48',6,'HAJ583',3),(5,'2015-06-03 15:03:55',6,'QFY587',3),(5,'2015-06-03 15:04:09',13,'AAA001',3),(5,'2015-06-03 15:04:10',11,'XXT000',3),(5,'2015-06-03 15:04:14',14,'AAA003',3),(5,'2015-06-03 15:04:16',14,'EMW813',3),(5,'2015-06-03 15:04:18',14,'HAJ583',3),(5,'2015-06-03 15:04:22',2,'GNU472',3),(5,'2015-06-03 15:04:25',14,'QFY587',3),(5,'2015-06-03 15:04:27',2,'QGW045',3),(5,'2015-06-03 15:04:29',6,'AAA020',3),(5,'2015-06-03 15:09:07',4,'GGK686',3),(5,'2015-06-03 15:09:13',7,'AAA002',3),(5,'2015-06-03 15:09:15',10,'NVS162',3),(5,'2015-06-03 15:09:20',6,'AAA013',3),(5,'2015-06-03 15:09:27',1,'AAA001',3),(5,'2015-06-03 15:09:35',9,'WKF423',3),(5,'2015-06-03 15:09:37',13,'GGK686',3),(5,'2015-06-03 15:09:38',6,'HJT526',3),(5,'2015-06-03 15:09:42',5,'AAA022',3),(5,'2015-06-03 15:09:43',8,'AAA002',3),(5,'2015-06-03 15:09:46',13,'NVS162',3),(5,'2015-06-03 15:09:50',14,'AAA013',3),(5,'2015-06-03 15:09:51',9,'AAA012',3),(5,'2015-06-03 15:09:57',13,'AAA001',3),(5,'2015-06-03 15:10:00',1,'HAJ583',3),(5,'2015-06-03 15:10:05',10,'WKF423',3),(5,'2015-06-03 15:10:06',1,'QHV245',3),(5,'2015-06-03 15:10:07',8,'GGK686',3),(5,'2015-06-03 15:10:08',14,'HJT526',3),(5,'2015-06-03 15:10:12',6,'AAA022',3),(5,'2015-06-03 15:10:13',2,'BFE848',3),(5,'2015-06-03 15:10:16',2,'NVS162',3),(5,'2015-06-03 15:10:20',13,'AAA013',3),(5,'2015-06-03 15:10:21',14,'AAA012',3),(5,'2015-06-03 15:10:27',14,'AAA001',3),(5,'2015-06-03 15:10:30',13,'HAJ583',3),(5,'2015-06-03 15:10:36',8,'QHV245',3),(5,'2015-06-03 15:10:38',13,'HJT526',3),(5,'2015-06-03 15:10:43',7,'BFE848',3),(5,'2015-06-03 15:10:50',1,'AAA013',3),(5,'2015-06-03 15:10:51',6,'AAA012',3),(5,'2015-06-03 15:10:55',4,'YNC436',3),(5,'2015-06-03 15:10:57',6,'AAA001',3),(5,'2015-06-03 15:10:59',7,'IFL856',3),(5,'2015-06-03 15:11:00',9,'HAJ583',3),(5,'2015-06-03 15:18:50',1,'AAA001',3),(5,'2015-06-03 15:19:23',1,'KJT745',3),(5,'2015-06-03 15:19:28',3,'FNX342',3),(5,'2015-06-03 15:19:41',10,'WMM731',3),(5,'2015-06-03 15:19:43',1,'AAA018',3),(5,'2015-06-03 15:19:52',10,'AAA004',3),(5,'2015-06-03 15:19:53',8,'KJT745',3),(5,'2015-06-03 15:19:58',4,'FNX342',3),(5,'2015-06-03 15:20:01',4,'AKF311',3),(5,'2015-06-03 15:20:08',5,'AAA019',3),(5,'2015-06-03 15:20:11',9,'WMM731',3),(5,'2015-06-03 15:20:13',7,'AAA018',3),(5,'2015-06-03 15:20:22',13,'AAA004',3),(5,'2015-06-03 15:20:30',11,'RXP812',3),(5,'2015-06-03 15:20:31',3,'AKF311',3),(5,'2015-06-03 15:20:36',6,'HVQ216',3),(5,'2015-06-03 15:20:38',6,'AAA019',3),(5,'2015-06-03 15:20:41',4,'EOG584',3),(5,'2015-06-03 15:20:43',2,'AAA003',3),(5,'2015-06-03 15:20:45',3,'AAA021',3),(5,'2015-06-03 15:20:49',6,'IFL856',3),(5,'2015-06-03 15:20:52',7,'HPL118',3),(5,'2015-06-03 15:20:54',3,'AAA005',3),(5,'2015-06-03 15:26:30',6,'DEV371',3),(5,'2015-06-03 15:26:43',3,'AAA016',3),(5,'2015-06-03 15:26:45',7,'CKW264',3),(5,'2015-06-03 15:26:52',7,'AAA003',3),(5,'2015-06-03 15:26:56',6,'QHV245',3),(5,'2015-06-03 15:27:00',14,'DEV371',3),(5,'2015-06-03 15:27:03',3,'AAA012',3),(5,'2015-06-03 15:27:13',10,'AAA016',3),(5,'2015-06-03 15:27:15',13,'CKW264',3),(5,'2015-06-03 15:27:16',9,'YIY710',3),(5,'2015-06-03 15:27:22',13,'AAA003',3),(5,'2015-06-03 15:27:23',4,'HPL118',3),(5,'2015-06-03 15:27:25',2,'NPG204',3),(5,'2015-06-03 15:27:26',14,'QHV245',3),(5,'2015-06-03 15:27:27',5,'JOU577',3),(5,'2015-06-03 15:27:30',13,'DEV371',3),(5,'2015-06-03 15:27:33',14,'AAA012',3),(5,'2015-06-03 15:27:40',6,'RXP812',3),(5,'2015-06-03 15:27:42',6,'AYD488',3),(5,'2015-06-03 15:27:45',7,'AAA023',3),(5,'2015-06-03 15:27:45',14,'CKW264',3),(5,'2015-06-03 15:27:46',10,'YIY710',3),(5,'2015-06-03 15:27:52',10,'AAA003',3),(5,'2015-06-03 15:27:53',13,'HPL118',3),(5,'2015-06-03 15:27:55',8,'NPG204',3),(5,'2015-06-03 15:27:56',13,'QHV245',3),(5,'2015-06-03 15:27:57',6,'JOU577',3),(5,'2015-06-03 15:27:58',7,'AAA017',3),(5,'2015-06-03 15:28:00',2,'DEV371',3),(5,'2015-06-03 15:28:03',6,'AAA012',3),(5,'2015-06-03 15:28:04',7,'AAA010',3),(5,'2015-06-03 15:28:10',5,'RXP812',3),(5,'2015-06-03 15:28:11',6,'WVR656',3),(5,'2015-06-03 15:28:13',14,'AYD488',3),(5,'2015-06-03 15:28:15',5,'CKW264',3),(5,'2015-06-03 15:28:15',13,'AAA023',3),(5,'2015-06-03 15:28:23',2,'HPL118',3),(5,'2015-06-03 15:28:26',7,'QHV245',3),(5,'2015-06-03 15:28:27',3,'RYP637',3),(5,'2015-06-03 15:28:28',13,'AAA017',3),(5,'2015-06-03 15:28:31',4,'NVS162',3),(5,'2015-06-03 15:28:35',1,'AAA010',3),(5,'2015-06-03 15:28:35',6,'TGS735',3),(5,'2015-06-03 15:28:40',6,'GGK686',3),(5,'2015-06-03 15:28:41',14,'WVR656',3),(5,'2015-06-03 15:28:42',11,'ABW483',3),(5,'2015-06-03 15:28:43',13,'AYD488',3),(5,'2015-06-03 15:28:45',14,'AAA023',3),(5,'2015-06-03 15:28:49',9,'AAA013',3),(5,'2015-06-03 15:28:51',4,'JCG050',3),(5,'2015-06-03 15:28:57',4,'RYP637',3),(5,'2015-06-03 15:28:58',4,'AAA017',3),(5,'2015-06-03 15:29:01',3,'NVS162',3),(5,'2015-06-03 15:29:02',6,'BSP837',3),(5,'2015-06-03 15:46:20',6,'BSP837',3),(5,'2015-06-03 15:46:29',3,'XXT000',3),(5,'2015-06-03 15:46:31',4,'AAA016',3),(5,'2015-06-03 15:46:33',3,'GLN337',3),(5,'2015-06-03 15:46:40',1,'HEI132',3),(5,'2015-06-03 15:46:42',7,'HVQ216',3),(5,'2015-06-03 15:46:50',14,'BSP837',3),(5,'2015-06-03 15:46:53',7,'AYD488',3),(5,'2015-06-03 15:46:59',10,'XXT000',3),(5,'2015-06-03 15:47:00',6,'NQY286',3),(5,'2015-06-03 15:47:01',13,'AAA016',3),(5,'2015-06-03 15:47:04',10,'GLN337',3),(5,'2015-06-03 15:47:10',13,'HEI132',3),(5,'2015-06-03 15:47:12',13,'HVQ216',3),(5,'2015-06-03 15:47:18',4,'IWD573',3),(5,'2015-06-03 15:47:20',10,'BSP837',3),(5,'2015-06-03 15:47:22',7,'GLH406',3),(5,'2015-06-03 15:47:23',1,'AYD488',3),(5,'2015-06-03 15:47:30',14,'NQY286',3),(5,'2015-06-03 15:47:31',8,'AAA016',3),(5,'2015-06-03 15:49:55',6,'AXI450',3),(5,'2015-06-03 15:50:02',5,'XVJ544',3),(5,'2015-06-03 15:50:18',11,'GNU472',3),(5,'2015-06-03 15:50:25',14,'AXI450',3),(5,'2015-06-03 15:50:29',7,'AAA021',3),(5,'2015-06-03 15:50:32',6,'XVJ544',3),(5,'2015-06-03 15:50:33',3,'HJT526',3),(5,'2015-06-03 15:50:37',3,'GTL147',3),(5,'2015-06-03 15:50:40',1,'JPG185',3),(5,'2015-06-03 15:50:48',5,'GNU472',3),(5,'2015-06-03 15:50:56',13,'AXI450',3),(5,'2015-06-03 15:50:57',3,'VVF455',3),(5,'2015-06-03 15:50:59',13,'AAA021',3),(5,'2015-06-03 15:51:02',2,'AAA019',3),(5,'2015-06-03 15:51:03',14,'HJT526',3),(5,'2015-06-03 15:51:04',10,'AAA017',3),(5,'2015-06-03 15:52:29',6,'AAA007',3),(5,'2015-06-03 15:52:35',3,'LKT837',3),(5,'2015-06-03 15:52:38',1,'AAA001',3),(5,'2015-06-03 15:52:51',4,'QGW045',3),(5,'2015-06-03 15:52:59',14,'AAA007',3),(5,'2015-06-03 15:53:00',4,'AAA002',3),(5,'2015-06-03 15:53:04',4,'HEI132',3),(5,'2015-06-03 15:53:05',14,'LKT837',3),(5,'2015-06-03 15:53:08',7,'AAA001',3),(5,'2015-06-03 15:53:11',6,'VYU253',3),(5,'2015-06-03 15:53:17',10,'FDQ433',3),(5,'2015-06-03 15:53:20',6,'LEN204',3),(5,'2015-06-03 15:53:21',13,'QGW045',3),(5,'2015-06-03 15:53:26',1,'BSP837',3),(5,'2015-06-03 15:53:29',10,'AAA007',3),(5,'2015-06-03 15:53:30',13,'AAA002',3),(5,'2015-06-03 15:53:31',3,'KSL870',3),(5,'2015-06-03 15:53:34',13,'HEI132',3),(5,'2015-06-03 15:53:36',6,'LKT837',3),(5,'2015-06-03 15:56:42',5,'AAA001',3),(5,'2015-06-03 15:56:53',11,'OKI444',3),(5,'2015-06-03 15:57:09',6,'EOG584',3),(5,'2015-06-03 15:57:12',11,'AAA001',3),(5,'2015-06-03 15:57:13',10,'KSL870',3),(5,'2015-06-03 15:57:22',4,'UBG370',3),(5,'2015-06-03 15:57:23',5,'OKI444',3),(5,'2015-06-03 15:57:28',2,'UFD371',3),(5,'2015-06-03 15:57:33',4,'AAA016',3),(5,'2015-06-03 15:57:37',1,'EIX113',3),(5,'2015-06-03 15:57:39',14,'EOG584',3),(5,'2015-06-03 15:57:40',4,'MWM304',3),(5,'2015-06-03 15:57:43',13,'KSL870',3),(5,'2015-06-03 15:58:57',4,'AAA011',3),(5,'2015-06-03 15:59:01',10,'PPX456',3),(5,'2015-06-03 15:59:04',6,'NDB731',3),(5,'2015-06-03 15:59:15',6,'UBG370',3),(5,'2015-06-03 15:59:21',7,'EOG584',3),(5,'2015-06-03 15:59:27',13,'AAA011',3),(5,'2015-06-03 15:59:30',5,'LEN204',3),(5,'2015-06-03 15:59:32',13,'PPX456',3),(5,'2015-06-03 15:59:34',5,'NDB731',3),(5,'2015-06-03 15:59:45',14,'UBG370',3),(5,'2015-06-03 15:59:51',13,'EOG584',3),(5,'2015-06-03 15:59:52',11,'YNC436',3),(5,'2015-06-03 15:59:57',1,'AAA011',3),(5,'2015-06-03 16:00:00',6,'LEN204',3),(5,'2015-06-03 16:00:02',1,'PPX456',3),(5,'2015-06-03 16:00:10',11,'QHV245',3),(5,'2015-06-03 16:00:15',13,'UBG370',3),(5,'2015-06-03 16:00:17',1,'HJT526',3),(5,'2015-06-03 16:00:22',6,'YNC436',3),(5,'2015-06-03 16:00:22',10,'EOG584',3),(5,'2015-06-03 16:00:23',11,'UBB880',3),(5,'2015-06-03 16:00:40',14,'QHV245',3),(5,'2015-06-03 16:00:45',1,'UBG370',3),(5,'2015-06-03 16:00:47',2,'HJT526',3),(5,'2015-06-03 16:00:53',1,'AAA006',3),(5,'2015-06-03 16:00:53',14,'UBB880',3),(5,'2015-06-03 16:01:00',5,'QKY232',3),(5,'2015-06-03 16:01:06',9,'GLH406',3),(5,'2015-06-03 16:01:10',3,'QHV245',3),(5,'2015-06-03 16:01:20',7,'YIY710',3),(5,'2015-06-03 16:01:23',2,'AAA006',3),(5,'2015-06-03 16:01:24',3,'UBB880',3),(5,'2015-06-03 16:01:30',6,'QKY232',3),(5,'2015-06-03 16:01:36',6,'AKC071',3),(5,'2015-06-03 16:01:37',14,'GLH406',3),(5,'2015-06-03 16:01:40',1,'IJH255',3),(5,'2015-06-03 16:01:43',7,'AAA001',3),(5,'2015-06-03 16:01:50',1,'WVR656',3),(5,'2015-06-03 16:01:53',3,'AAA006',3),(5,'2015-06-03 16:01:56',6,'JCG050',3),(5,'2015-06-03 16:02:06',5,'AKC071',3),(5,'2015-06-03 16:02:07',6,'GLH406',3),(5,'2015-06-03 16:02:10',13,'IJH255',3),(5,'2015-06-03 16:02:13',1,'AAA001',3),(5,'2015-06-03 16:02:13',7,'IGY478',3),(5,'2015-06-03 16:02:16',10,'RXP812',3),(5,'2015-06-03 16:02:20',2,'WVR656',3),(5,'2015-06-03 16:02:23',4,'AAA006',3),(5,'2015-06-03 16:02:23',7,'JXF786',3),(5,'2015-06-03 16:02:26',11,'JCG050',3),(5,'2015-06-03 16:02:30',4,'FCP088',3),(5,'2015-06-03 16:02:33',8,'NQY286',3),(5,'2015-06-03 16:02:40',4,'IJH255',3),(5,'2015-06-03 16:02:43',13,'IGY478',3),(5,'2015-06-03 16:02:46',1,'VVF455',3),(5,'2015-06-03 16:02:46',3,'RXP812',3),(5,'2015-06-03 16:02:53',4,'OHO654',3),(5,'2015-06-03 16:02:53',13,'JXF786',3),(5,'2015-06-03 16:02:56',7,'AAA005',3),(5,'2015-06-03 16:02:57',10,'JCG050',3),(5,'2015-06-03 16:02:59',1,'AXI450',3),(5,'2015-06-03 16:03:00',10,'FCP088',3),(5,'2015-06-03 16:03:03',6,'YGS015',3),(5,'2015-06-03 16:03:03',7,'NQY286',3),(5,'2015-06-03 16:03:13',10,'IGY478',3),(5,'2015-06-03 16:03:16',4,'AAA022',3),(5,'2015-06-03 16:03:16',13,'VVF455',3),(5,'2015-06-03 16:03:23',4,'JXF786',3),(5,'2015-06-03 16:03:23',10,'OHO654',3),(5,'2015-06-03 16:03:26',2,'AAA005',3),(5,'2015-06-03 16:03:26',4,'CBJ420',3),(5,'2015-06-03 16:03:27',13,'JCG050',3),(5,'2015-06-03 16:03:30',2,'AXI450',3),(5,'2015-06-03 16:03:33',14,'YGS015',3),(5,'2015-06-03 16:03:43',11,'IGY478',3),(5,'2015-06-03 16:03:46',9,'AAA022',3),(5,'2015-06-03 16:03:46',10,'VVF455',3),(5,'2015-06-03 16:03:53',10,'DEV371',3),(5,'2015-06-03 16:03:56',3,'CBJ420',3),(5,'2015-06-03 16:03:56',6,'RHJ565',3),(5,'2015-06-03 16:03:57',7,'JCG050',3),(5,'2015-06-03 16:04:03',3,'YGS015',3),(5,'2015-06-03 16:04:03',7,'MEX065',3),(5,'2015-06-03 16:04:06',4,'WIC556',3),(5,'2015-06-03 16:04:13',6,'IGY478',3),(5,'2015-06-03 16:06:32',5,'FDQ433',3),(5,'2015-06-03 16:06:45',5,'UEW753',3),(5,'2015-06-03 16:07:02',11,'FDQ433',3),(5,'2015-06-03 16:07:05',6,'AAA010',3),(5,'2015-06-03 16:07:08',1,'NFO321',3),(5,'2015-06-03 16:07:11',10,'IWD573',3),(5,'2015-06-03 16:07:15',3,'CLT555',3),(5,'2015-06-03 16:07:15',11,'UEW753',3),(5,'2015-06-03 16:07:21',9,'AXI450',3),(5,'2015-06-03 16:07:35',14,'AAA010',3),(5,'2015-06-03 16:07:38',7,'XGR087',3),(5,'2015-06-03 16:07:38',13,'NFO321',3),(5,'2015-06-03 16:07:42',13,'IWD573',3),(5,'2015-06-03 16:07:45',9,'NQY286',3),(5,'2015-06-03 16:07:45',10,'CLT555',3),(5,'2015-06-03 16:07:51',14,'AXI450',3),(5,'2015-06-03 16:07:55',1,'LOA145',3),(5,'2015-06-03 16:08:01',2,'WRM022',3),(5,'2015-06-03 16:08:05',4,'KJT745',3),(5,'2015-06-03 16:08:05',10,'AAA010',3),(5,'2015-06-03 16:08:08',1,'XGR087',3),(5,'2015-06-03 16:08:08',10,'NFO321',3),(5,'2015-06-03 16:08:11',4,'JXF786',3),(5,'2015-06-03 16:08:12',2,'IWD573',3),(5,'2015-06-03 16:08:15',6,'AAA005',3),(5,'2015-06-03 16:08:15',14,'NQY286',3),(5,'2015-06-03 16:08:22',5,'AXI450',3),(5,'2015-06-03 16:08:25',13,'LOA145',3),(5,'2015-06-03 16:08:31',8,'WRM022',3),(5,'2015-06-03 16:08:31',10,'JQK514',3),(5,'2015-06-03 16:08:35',5,'VVF455',3),(5,'2015-06-03 16:08:35',10,'KJT745',3),(5,'2015-06-03 16:08:41',3,'JXF786',3),(5,'2015-06-03 16:08:45',6,'NQY286',3),(5,'2015-06-03 16:08:45',14,'AAA005',3),(5,'2015-06-03 16:08:51',4,'LEN204',3),(5,'2015-06-03 16:08:54',6,'EJB353',3),(5,'2015-06-03 16:08:55',14,'LOA145',3),(5,'2015-06-03 16:09:01',13,'JQK514',3),(5,'2015-06-03 16:09:04',9,'CKW264',3),(5,'2015-06-03 16:09:05',11,'VVF455',3),(5,'2015-06-03 16:09:15',13,'AAA005',3),(5,'2015-06-03 16:09:21',9,'LEN204',3),(5,'2015-06-03 16:09:25',5,'EJB353',3),(5,'2015-06-03 16:09:25',6,'LOA145',3),(5,'2015-06-03 16:09:31',6,'KSL870',3),(5,'2015-06-03 16:09:31',7,'JQK514',3),(5,'2015-06-03 16:09:34',8,'AAA015',3),(5,'2015-06-03 16:09:35',4,'CKW264',3),(5,'2015-06-03 16:09:38',2,'EOG584',3),(5,'2015-06-03 16:09:44',5,'MEX065',3),(5,'2015-06-03 16:09:45',8,'AAA005',3),(5,'2015-06-03 16:09:48',5,'WKF423',3),(5,'2015-06-03 16:09:51',8,'LEN204',3),(5,'2015-06-03 16:10:01',14,'KSL870',3),(5,'2015-06-03 16:10:04',2,'AAA015',3),(5,'2015-06-03 16:10:04',4,'BFF556',3),(5,'2015-06-03 16:10:08',1,'EOG584',3),(5,'2015-06-03 16:10:11',6,'AGQ645',3),(5,'2015-06-03 16:10:14',6,'MEX065',3),(5,'2015-06-03 16:10:18',6,'WKF423',3),(5,'2015-06-03 16:10:21',1,'LEN204',3),(5,'2015-06-03 16:10:31',9,'KSL870',3),(5,'2015-06-03 16:10:34',9,'BFF556',3),(5,'2015-06-03 16:10:41',11,'AGQ645',3),(5,'2015-06-03 16:10:48',1,'RWA428',3),(5,'2015-06-03 16:10:51',6,'AAA025',3),(5,'2015-06-03 16:10:54',2,'FNX342',3),(5,'2015-06-03 16:11:01',8,'KSL870',3),(5,'2015-06-03 16:11:04',6,'GGK686',3),(5,'2015-06-03 16:11:14',8,'UAP141',3),(5,'2015-06-03 16:11:18',2,'RWA428',3),(5,'2015-06-03 16:11:21',2,'BFE848',3),(5,'2015-06-03 16:11:21',14,'AAA025',3),(5,'2015-06-03 16:11:24',1,'FNX342',3),(5,'2015-06-03 16:11:31',1,'KSL870',3),(5,'2015-06-03 16:11:31',7,'CBJ420',3),(5,'2015-06-03 16:11:34',5,'TQI377',3),(5,'2015-06-03 16:11:34',14,'GGK686',3),(5,'2015-06-03 16:11:37',6,'WRX723',3),(5,'2015-06-03 16:11:44',1,'UAP141',3),(5,'2015-06-03 16:11:51',6,'XSK437',3),(5,'2015-06-03 16:11:51',7,'BFE848',3),(5,'2015-06-03 16:11:51',13,'AAA025',3),(5,'2015-06-03 16:12:01',2,'CBJ420',3),(5,'2015-06-03 16:12:04',3,'GGK686',3),(5,'2015-06-03 16:12:04',11,'TQI377',3),(5,'2015-06-03 16:12:07',14,'WRX723',3),(5,'2015-06-03 16:12:17',10,'MWM304',3),(5,'2015-06-03 16:12:21',1,'AAA025',3),(5,'2015-06-03 16:12:21',14,'XSK437',3),(5,'2015-06-03 16:12:38',3,'WRX723',3),(5,'2015-06-03 16:12:41',11,'AAA017',3),(5,'2015-06-03 16:12:47',7,'AAA003',3),(5,'2015-06-03 16:12:47',13,'MWM304',3),(5,'2015-06-03 16:12:51',9,'XSK437',3),(5,'2015-06-03 16:13:07',3,'NDB731',3),(5,'2015-06-03 16:13:11',6,'AAA017',3),(5,'2015-06-03 16:13:17',3,'RYU816',3),(5,'2015-06-03 16:13:17',7,'MWM304',3),(5,'2015-06-03 16:13:17',13,'AAA003',3),(5,'2015-06-03 16:13:30',7,'ABW483',3),(5,'2015-06-03 16:21:40',6,'WVR656',3),(5,'2015-06-03 16:22:06',9,'JCG050',3),(5,'2015-06-03 16:22:10',14,'WVR656',3),(5,'2015-06-03 16:22:13',6,'UBG370',3),(5,'2015-06-03 16:22:29',3,'PNC526',3),(5,'2015-06-03 16:22:36',14,'JCG050',3),(5,'2015-06-03 16:22:40',13,'WVR656',3),(5,'2015-06-03 16:22:43',14,'UBG370',3),(5,'2015-06-03 16:22:49',7,'FNX342',3),(5,'2015-06-03 16:22:53',11,'BFF556',3),(5,'2015-06-03 16:22:56',11,'FDQ433',3),(5,'2015-06-03 16:23:00',14,'PNC526',3);
/*!40000 ALTER TABLE `tollphoto` ENABLE KEYS */;
UNLOCK TABLES;

--
-- Table structure for table `tollsensor`
--

DROP TABLE IF EXISTS `tollsensor`;
/*!40101 SET @saved_cs_client     = @@character_set_client */;
/*!40101 SET character_set_client = utf8 */;
CREATE TABLE `tollsensor` (
  `amount` double NOT NULL,
  `date` timestamp NOT NULL DEFAULT CURRENT_TIMESTAMP,
  `tollid` int(10) NOT NULL,
  `sensorid` int(10) NOT NULL,
  `booth` int(10) NOT NULL,
  PRIMARY KEY (`date`,`tollid`,`booth`),
  KEY `tollid` (`tollid`,`booth`),
  CONSTRAINT `tollsensor_ibfk_1` FOREIGN KEY (`tollid`, `booth`) REFERENCES `tollbooth` (`tollid`, `booth`),
  CONSTRAINT `tollsensor_ibfk_2` FOREIGN KEY (`tollid`) REFERENCES `toll` (`tollid`)
) ENGINE=InnoDB DEFAULT CHARSET=utf8;
/*!40101 SET character_set_client = @saved_cs_client */;

--
-- Dumping data for table `tollsensor`
--

LOCK TABLES `tollsensor` WRITE;
/*!40000 ALTER TABLE `tollsensor` DISABLE KEYS */;
INSERT INTO `tollsensor` VALUES (5,'2015-06-03 06:24:56',12,0,2),(5,'2015-06-03 06:25:08',1,0,2),(5,'2015-06-03 06:25:13',7,0,2),(5,'2015-06-03 06:25:15',13,0,2),(5,'2015-06-03 06:25:20',11,13,2),(5,'2015-06-03 06:25:28',7,8,2),(5,'2015-06-03 06:26:29',7,23,2),(5,'2015-06-03 06:26:31',9,0,2),(5,'2015-06-03 06:26:36',6,66,2),(5,'2015-06-03 06:26:51',6,69,2),(5,'2015-06-03 06:27:05',11,0,2),(5,'2015-06-03 06:27:06',6,13,2),(5,'2015-06-03 06:27:10',12,71,2),(5,'2015-06-03 06:27:14',13,23,2),(5,'2015-06-03 06:27:16',4,0,2),(5,'2015-06-03 06:27:17',8,14,2),(5,'2015-06-03 06:27:21',11,66,2),(5,'2015-06-03 06:28:31',6,15,2),(5,'2015-06-03 06:28:34',12,0,2),(5,'2015-06-03 06:28:38',13,0,2),(5,'2015-06-03 06:28:43',7,0,2),(5,'2015-06-03 06:28:46',6,22,2),(5,'2015-06-03 06:28:48',14,22,2),(5,'2015-06-03 06:28:49',12,0,2),(5,'2015-06-03 06:28:58',7,0,2),(5,'2015-06-03 06:29:01',6,0,2),(5,'2015-06-03 06:34:31',7,54,2),(5,'2015-06-03 06:34:55',6,0,2),(5,'2015-06-03 06:34:57',7,71,2),(5,'2015-06-03 06:35:00',9,0,2),(5,'2015-06-03 06:35:09',1,0,2),(5,'2015-06-03 06:35:11',13,0,2),(5,'2015-06-03 06:35:31',4,0,2),(5,'2015-06-03 06:35:33',1,0,2),(5,'2015-06-03 06:35:46',4,0,2),(5,'2015-06-03 06:36:16',3,0,2),(5,'2015-06-03 06:36:18',13,0,2),(5,'2015-06-03 06:36:31',3,0,2),(5,'2015-06-03 06:36:46',1,51,2),(5,'2015-06-03 06:36:48',6,19,2),(5,'2015-06-03 06:36:50',7,76,2),(5,'2015-06-03 06:36:55',5,20,2),(5,'2015-06-03 06:37:01',1,74,2),(5,'2015-06-03 06:37:31',13,51,2),(5,'2015-06-03 06:37:33',14,19,2),(5,'2015-06-03 06:37:36',8,76,2),(5,'2015-06-03 06:41:14',9,0,2),(5,'2015-06-03 06:41:30',9,60,2),(5,'2015-06-03 06:47:02',10,61,2),(5,'2015-06-03 06:48:58',9,82,2),(5,'2015-06-03 06:49:02',7,0,2),(5,'2015-06-03 06:49:05',13,0,2),(5,'2015-06-03 06:49:09',5,0,2),(5,'2015-06-03 06:53:45',1,53,2),(5,'2015-06-03 06:54:31',13,53,2),(5,'2015-06-03 06:55:57',4,0,2),(5,'2015-06-03 06:58:57',9,0,2),(5,'2015-06-03 06:59:37',1,0,2),(5,'2015-06-03 07:01:16',1,64,2),(5,'2015-06-03 07:02:51',6,0,2),(5,'2015-06-03 07:04:01',6,3,2),(5,'2015-06-03 07:04:05',4,19,2),(5,'2015-06-03 07:04:15',3,0,2),(5,'2015-06-03 07:04:16',10,0,2),(5,'2015-06-03 07:04:22',4,102,2),(5,'2015-06-03 07:04:30',3,77,2),(5,'2015-06-03 07:04:30',9,0,2),(5,'2015-06-03 07:04:31',10,94,2),(5,'2015-06-03 07:04:33',2,78,2),(5,'2015-06-03 07:04:35',6,0,2),(5,'2015-06-03 07:04:36',8,60,2),(5,'2015-06-03 07:04:37',4,0,2),(5,'2015-06-03 07:04:46',10,77,2),(5,'2015-06-03 07:04:46',14,0,2),(5,'2015-06-03 07:04:48',2,0,2),(5,'2015-06-03 07:04:50',6,14,2),(5,'2015-06-03 07:04:50',9,86,2),(5,'2015-06-03 07:04:51',8,20,2),(5,'2015-06-03 07:04:52',1,20,2),(5,'2015-06-03 07:04:54',4,92,2),(5,'2015-06-03 07:06:46',3,79,2),(5,'2015-06-03 07:06:49',7,24,2),(5,'2015-06-03 07:06:54',4,0,2),(5,'2015-06-03 07:06:57',11,0,2),(5,'2015-06-03 07:06:58',1,18,2),(5,'2015-06-03 07:07:04',7,0,2),(5,'2015-06-03 07:07:07',5,23,2),(5,'2015-06-03 07:07:09',6,22,2),(5,'2015-06-03 07:07:10',4,0,2),(5,'2015-06-03 07:07:13',1,60,2),(5,'2015-06-03 07:07:15',10,104,2),(5,'2015-06-03 07:07:24',2,0,2),(5,'2015-06-03 07:07:25',4,0,2),(5,'2015-06-03 07:07:28',1,0,2),(5,'2015-06-03 07:07:30',8,54,2),(5,'2015-06-03 07:07:31',14,79,2),(5,'2015-06-03 07:07:33',10,0,2),(5,'2015-06-03 07:07:34',13,24,2),(5,'2015-06-03 07:07:40',4,4,2),(5,'2015-06-03 07:07:42',5,0,2),(5,'2015-06-03 07:07:43',1,0,2),(5,'2015-06-03 07:07:44',6,0,2),(5,'2015-06-03 07:07:45',8,0,2),(5,'2015-06-03 07:07:48',3,0,2),(5,'2015-06-03 07:07:48',10,0,2),(5,'2015-06-03 07:07:49',13,0,2),(5,'2015-06-03 07:08:13',11,68,2),(5,'2015-06-03 07:08:16',7,0,2),(5,'2015-06-03 07:08:18',1,9,2),(5,'2015-06-03 07:08:35',7,0,2),(5,'2015-06-03 07:08:37',10,0,2),(5,'2015-06-03 07:08:39',6,92,2),(5,'2015-06-03 07:14:42',3,132,2),(5,'2015-06-03 07:15:30',6,92,2),(5,'2015-06-03 07:15:41',7,0,2),(5,'2015-06-03 07:15:46',9,0,2),(5,'2015-06-03 14:44:30',7,68,2),(5,'2015-06-03 14:44:55',8,0,2),(5,'2015-06-03 14:45:02',10,81,2),(5,'2015-06-03 14:45:04',1,0,2),(5,'2015-06-03 14:45:05',13,0,2),(5,'2015-06-03 14:45:09',4,109,2),(5,'2015-06-03 14:45:13',6,0,2),(5,'2015-06-03 14:45:19',1,4,2),(5,'2015-06-03 14:45:20',13,68,2),(5,'2015-06-03 14:57:53',7,82,2),(5,'2015-06-03 14:57:59',9,58,2),(5,'2015-06-03 14:58:08',1,0,2),(5,'2015-06-03 14:58:08',7,6,2),(5,'2015-06-03 15:02:30',9,0,2),(5,'2015-06-03 15:02:39',4,69,2),(5,'2015-06-03 15:02:41',10,0,2),(5,'2015-06-03 15:02:43',6,127,2),(5,'2015-06-03 15:02:45',1,93,2),(5,'2015-06-03 15:03:37',5,0,2),(5,'2015-06-03 15:03:52',2,23,2),(5,'2015-06-03 15:03:52',5,146,2),(5,'2015-06-03 15:03:59',8,0,2),(5,'2015-06-03 15:04:07',2,9,2),(5,'2015-06-03 15:04:07',5,0,2),(5,'2015-06-03 15:04:19',6,0,2),(5,'2015-06-03 15:04:20',14,0,2),(5,'2015-06-03 15:04:22',5,0,2),(5,'2015-06-03 15:04:34',6,0,2),(5,'2015-06-03 15:09:22',3,107,2),(5,'2015-06-03 15:09:24',7,52,2),(5,'2015-06-03 15:09:40',7,142,2),(5,'2015-06-03 15:09:46',9,10,2),(5,'2015-06-03 15:09:53',10,167,2),(5,'2015-06-03 15:09:55',7,0,2),(5,'2015-06-03 15:10:01',9,152,2),(5,'2015-06-03 15:10:02',5,24,2),(5,'2015-06-03 15:10:07',14,107,2),(5,'2015-06-03 15:10:08',6,150,2),(5,'2015-06-03 15:10:09',13,52,2),(5,'2015-06-03 15:10:10',7,124,2),(5,'2015-06-03 15:10:11',8,25,2),(5,'2015-06-03 15:10:19',3,0,2),(5,'2015-06-03 15:10:24',1,0,2),(5,'2015-06-03 15:10:25',13,142,2),(5,'2015-06-03 15:10:28',9,137,2),(5,'2015-06-03 15:10:33',7,96,2),(5,'2015-06-03 15:10:34',3,146,2),(5,'2015-06-03 15:10:35',8,91,2),(5,'2015-06-03 15:10:37',6,0,2),(5,'2015-06-03 15:10:39',4,17,2),(5,'2015-06-03 15:10:40',13,167,2),(5,'2015-06-03 15:10:46',14,152,2),(5,'2015-06-03 15:10:47',11,24,2),(5,'2015-06-03 15:10:49',3,10,2),(5,'2015-06-03 15:10:52',5,107,2),(5,'2015-06-03 15:10:54',4,0,2),(5,'2015-06-03 15:10:54',10,52,2),(5,'2015-06-03 15:10:55',1,124,2),(5,'2015-06-03 15:10:55',13,0,2),(5,'2015-06-03 15:10:56',2,25,2),(5,'2015-06-03 15:18:52',1,0,2),(5,'2015-06-03 15:19:32',9,0,2),(5,'2015-06-03 15:19:34',6,0,2),(5,'2015-06-03 15:19:37',1,9,2),(5,'2015-06-03 15:19:50',7,19,2),(5,'2015-06-03 15:19:56',10,128,2),(5,'2015-06-03 15:20:05',8,81,2),(5,'2015-06-03 15:20:12',7,73,2),(5,'2015-06-03 15:20:17',10,0,2),(5,'2015-06-03 15:20:19',14,0,2),(5,'2015-06-03 15:20:22',8,9,2),(5,'2015-06-03 15:20:23',6,107,2),(5,'2015-06-03 15:20:25',1,0,2),(5,'2015-06-03 15:20:27',7,164,2),(5,'2015-06-03 15:20:32',11,0,2),(5,'2015-06-03 15:20:35',13,19,2),(5,'2015-06-03 15:20:38',9,124,2),(5,'2015-06-03 15:20:47',7,0,2),(5,'2015-06-03 15:20:50',13,128,2),(5,'2015-06-03 15:26:23',4,0,2),(5,'2015-06-03 15:26:25',7,0,2),(5,'2015-06-03 15:26:27',3,0,2),(5,'2015-06-03 15:26:41',7,10,2),(5,'2015-06-03 15:26:42',3,0,2),(5,'2015-06-03 15:26:56',7,86,2),(5,'2015-06-03 15:27:00',1,0,2),(5,'2015-06-03 15:27:05',11,68,2),(5,'2015-06-03 15:27:07',5,0,2),(5,'2015-06-03 15:27:08',13,0,2),(5,'2015-06-03 15:27:10',8,0,2),(5,'2015-06-03 15:27:12',14,0,2),(5,'2015-06-03 15:27:15',1,187,2),(5,'2015-06-03 15:27:18',2,173,2),(5,'2015-06-03 15:27:22',5,6,2),(5,'2015-06-03 15:27:26',13,10,2),(5,'2015-06-03 15:27:27',14,0,2),(5,'2015-06-03 15:27:34',1,64,2),(5,'2015-06-03 15:27:36',3,3,2),(5,'2015-06-03 15:27:38',10,179,2),(5,'2015-06-03 15:27:41',13,86,2),(5,'2015-06-03 15:27:49',6,0,2),(5,'2015-06-03 15:27:52',11,0,2),(5,'2015-06-03 15:27:53',1,0,2),(5,'2015-06-03 15:27:56',7,0,2),(5,'2015-06-03 15:27:56',13,0,2),(5,'2015-06-03 15:27:58',5,0,2),(5,'2015-06-03 15:28:02',8,0,2),(5,'2015-06-03 15:28:04',6,68,2),(5,'2015-06-03 15:28:07',11,6,2),(5,'2015-06-03 15:28:11',3,10,2),(5,'2015-06-03 15:28:11',7,173,2),(5,'2015-06-03 15:28:11',13,187,2),(5,'2015-06-03 15:28:13',5,0,2),(5,'2015-06-03 15:28:19',8,64,2),(5,'2015-06-03 15:28:21',4,3,2),(5,'2015-06-03 15:28:23',9,179,2),(5,'2015-06-03 15:28:24',2,0,2),(5,'2015-06-03 15:28:26',14,86,2),(5,'2015-06-03 15:28:29',5,149,2),(5,'2015-06-03 15:28:36',4,83,2),(5,'2015-06-03 15:28:38',7,8,2),(5,'2015-06-03 15:28:41',2,0,2),(5,'2015-06-03 15:28:41',10,0,2),(5,'2015-06-03 15:28:41',14,0,2),(5,'2015-06-03 15:28:46',1,0,2),(5,'2015-06-03 15:28:51',4,72,2),(5,'2015-06-03 15:28:53',7,0,2),(5,'2015-06-03 15:28:55',3,0,2),(5,'2015-06-03 15:28:56',10,187,2),(5,'2015-06-03 15:46:25',1,108,2),(5,'2015-06-03 15:46:27',2,0,2),(5,'2015-06-03 15:46:44',9,200,2),(5,'2015-06-03 15:46:49',1,0,2),(5,'2015-06-03 15:46:51',6,0,2),(5,'2015-06-03 15:46:55',8,0,2),(5,'2015-06-03 15:47:04',1,0,2),(5,'2015-06-03 15:47:07',6,139,2),(5,'2015-06-03 15:47:10',13,108,2),(5,'2015-06-03 15:47:19',1,0,2),(5,'2015-06-03 15:47:20',11,0,2),(5,'2015-06-03 15:47:22',6,0,2),(5,'2015-06-03 15:47:30',14,200,2),(5,'2015-06-03 15:49:44',4,75,2),(5,'2015-06-03 15:49:47',1,179,2),(5,'2015-06-03 15:49:59',4,0,2),(5,'2015-06-03 15:50:02',1,14,2),(5,'2015-06-03 15:50:06',7,0,2),(5,'2015-06-03 15:50:09',8,0,2),(5,'2015-06-03 15:50:13',5,0,2),(5,'2015-06-03 15:50:17',1,0,2),(5,'2015-06-03 15:50:24',3,0,2),(5,'2015-06-03 15:50:24',8,162,2),(5,'2015-06-03 15:50:30',13,75,2),(5,'2015-06-03 15:50:32',7,179,2),(5,'2015-06-03 15:50:42',10,57,2),(5,'2015-06-03 15:50:44',1,0,2),(5,'2015-06-03 15:50:45',13,0,2),(5,'2015-06-03 15:50:46',8,0,2),(5,'2015-06-03 15:50:47',7,14,2),(5,'2015-06-03 15:50:48',2,227,2),(5,'2015-06-03 15:50:51',3,0,2),(5,'2015-06-03 15:50:58',11,0,2),(5,'2015-06-03 15:50:59',1,0,2),(5,'2015-06-03 15:51:00',13,0,2),(5,'2015-06-03 15:51:02',7,183,2),(5,'2015-06-03 15:52:31',2,2,2),(5,'2015-06-03 15:52:33',1,0,2),(5,'2015-06-03 15:52:44',8,0,2),(5,'2015-06-03 15:52:49',3,166,2),(5,'2015-06-03 15:52:53',9,74,2),(5,'2015-06-03 15:52:55',1,0,2),(5,'2015-06-03 15:53:02',6,19,2),(5,'2015-06-03 15:53:09',8,0,2),(5,'2015-06-03 15:53:10',1,155,2),(5,'2015-06-03 15:53:15',9,4,2),(5,'2015-06-03 15:53:16',7,2,2),(5,'2015-06-03 15:53:22',3,134,2),(5,'2015-06-03 15:53:31',7,0,2),(5,'2015-06-03 15:53:34',14,166,2),(5,'2015-06-03 15:53:35',11,0,2),(5,'2015-06-03 15:53:39',6,0,2),(5,'2015-06-03 15:53:40',2,0,2),(5,'2015-06-03 15:56:40',10,172,2),(5,'2015-06-03 15:56:44',11,133,2),(5,'2015-06-03 15:56:49',3,175,2),(5,'2015-06-03 15:56:55',10,0,2),(5,'2015-06-03 15:57:00',11,183,2),(5,'2015-06-03 15:57:04',6,0,2),(5,'2015-06-03 15:57:06',5,73,2),(5,'2015-06-03 15:57:10',10,0,2),(5,'2015-06-03 15:57:11',2,0,2),(5,'2015-06-03 15:57:21',5,74,2),(5,'2015-06-03 15:57:24',9,0,2),(5,'2015-06-03 15:57:25',13,172,2),(5,'2015-06-03 15:57:29',6,133,2),(5,'2015-06-03 15:57:34',10,175,2),(5,'2015-06-03 15:57:39',9,204,2),(5,'2015-06-03 15:57:40',13,0,2),(5,'2015-06-03 15:57:42',8,219,2),(5,'2015-06-03 15:57:45',5,183,2),(5,'2015-06-03 15:59:10',10,0,2),(5,'2015-06-03 15:59:17',6,0,2),(5,'2015-06-03 15:59:19',7,0,2),(5,'2015-06-03 15:59:32',6,0,2),(5,'2015-06-03 15:59:34',7,0,2),(5,'2015-06-03 15:59:37',8,0,2),(5,'2015-06-03 15:59:41',4,0,2),(5,'2015-06-03 15:59:46',3,0,2),(5,'2015-06-03 15:59:47',6,146,2),(5,'2015-06-03 15:59:54',8,25,2),(5,'2015-06-03 15:59:55',13,0,2),(5,'2015-06-03 16:00:01',3,119,2),(5,'2015-06-03 16:00:02',6,0,2),(5,'2015-06-03 16:00:02',14,0,2),(5,'2015-06-03 16:00:03',4,175,2),(5,'2015-06-03 16:00:07',7,152,2),(5,'2015-06-03 16:00:10',13,0,2),(5,'2015-06-03 16:00:13',1,69,2),(5,'2015-06-03 16:00:17',14,0,2),(5,'2015-06-03 16:00:22',7,0,2),(5,'2015-06-03 16:00:26',13,0,2),(5,'2015-06-03 16:00:28',1,0,2),(5,'2015-06-03 16:00:30',11,213,2),(5,'2015-06-03 16:00:32',5,146,2),(5,'2015-06-03 16:00:32',14,0,2),(5,'2015-06-03 16:00:40',7,25,2),(5,'2015-06-03 16:00:40',9,0,2),(5,'2015-06-03 16:00:43',2,0,2),(5,'2015-06-03 16:00:47',5,260,2),(5,'2015-06-03 16:00:47',13,0,2),(5,'2015-06-03 16:00:47',14,119,2),(5,'2015-06-03 16:00:48',3,175,2),(5,'2015-06-03 16:00:50',4,94,2),(5,'2015-06-03 16:00:52',8,152,2),(5,'2015-06-03 16:00:55',7,0,2),(5,'2015-06-03 16:00:58',2,69,2),(5,'2015-06-03 16:01:02',13,0,2),(5,'2015-06-03 16:01:02',14,0,2),(5,'2015-06-03 16:01:03',1,52,2),(5,'2015-06-03 16:01:10',7,0,2),(5,'2015-06-03 16:01:13',8,239,2),(5,'2015-06-03 16:01:16',6,265,2),(5,'2015-06-03 16:01:17',14,0,2),(5,'2015-06-03 16:01:25',7,0,2),(5,'2015-06-03 16:01:26',3,124,2),(5,'2015-06-03 16:01:28',8,0,2),(5,'2015-06-03 16:01:31',6,0,2),(5,'2015-06-03 16:01:32',11,260,2),(5,'2015-06-03 16:01:32',14,213,2),(5,'2015-06-03 16:01:33',2,175,2),(5,'2015-06-03 16:01:33',4,194,2),(5,'2015-06-03 16:01:35',9,94,2),(5,'2015-06-03 16:01:40',7,0,2),(5,'2015-06-03 16:01:43',3,69,2),(5,'2015-06-03 16:01:46',6,119,2),(5,'2015-06-03 16:01:47',13,0,2),(5,'2015-06-03 16:01:47',14,0,2),(5,'2015-06-03 16:01:48',2,0,2),(5,'2015-06-03 16:01:55',1,0,2),(5,'2015-06-03 16:01:58',7,239,2),(5,'2015-06-03 16:02:01',6,0,2),(5,'2015-06-03 16:02:01',11,265,2),(5,'2015-06-03 16:02:02',13,52,2),(5,'2015-06-03 16:02:03',4,10,2),(5,'2015-06-03 16:02:06',9,259,2),(5,'2015-06-03 16:02:11',10,124,2),(5,'2015-06-03 16:02:16',6,188,2),(5,'2015-06-03 16:02:18',3,194,2),(5,'2015-06-03 16:02:19',1,175,2),(5,'2015-06-03 16:02:21',9,213,2),(5,'2015-06-03 16:02:26',8,0,2),(5,'2015-06-03 16:02:28',14,69,2),(5,'2015-06-03 16:02:31',6,0,2),(5,'2015-06-03 16:02:32',11,0,2),(5,'2015-06-03 16:02:39',10,64,2),(5,'2015-06-03 16:02:41',8,0,2),(5,'2015-06-03 16:02:46',6,0,2),(5,'2015-06-03 16:02:47',5,0,2),(5,'2015-06-03 16:02:47',14,52,2),(5,'2015-06-03 16:02:48',13,10,2),(5,'2015-06-03 16:02:55',10,265,2),(5,'2015-06-03 16:03:01',6,0,2),(5,'2015-06-03 16:03:02',11,188,2),(5,'2015-06-03 16:03:06',3,0,2),(5,'2015-06-03 16:03:10',10,259,2),(5,'2015-06-03 16:03:11',7,0,2),(5,'2015-06-03 16:03:13',1,0,2),(5,'2015-06-03 16:03:17',11,69,2),(5,'2015-06-03 16:03:25',13,64,2),(5,'2015-06-03 16:03:28',1,0,2),(5,'2015-06-03 16:03:32',6,52,2),(5,'2015-06-03 16:03:32',11,0,2),(5,'2015-06-03 16:03:36',8,9,2),(5,'2015-06-03 16:03:40',9,265,2),(5,'2015-06-03 16:03:43',1,10,2),(5,'2015-06-03 16:03:47',5,0,2),(5,'2015-06-03 16:03:47',10,188,2),(5,'2015-06-03 16:03:47',11,1,2),(5,'2015-06-03 16:03:49',3,0,2),(5,'2015-06-03 16:03:51',4,0,2),(5,'2015-06-03 16:03:58',13,0,2),(5,'2015-06-03 16:04:09',10,0,2),(5,'2015-06-03 16:04:10',7,64,2),(5,'2015-06-03 16:04:13',8,228,2),(5,'2015-06-03 16:06:48',7,0,2),(5,'2015-06-03 16:06:55',9,243,2),(5,'2015-06-03 16:06:58',2,140,2),(5,'2015-06-03 16:07:03',7,0,2),(5,'2015-06-03 16:07:18',10,264,2),(5,'2015-06-03 16:07:25',2,0,2),(5,'2015-06-03 16:07:33',13,0,2),(5,'2015-06-03 16:07:35',3,0,2),(5,'2015-06-03 16:07:40',14,243,2),(5,'2015-06-03 16:07:41',10,0,2),(5,'2015-06-03 16:07:43',1,140,2),(5,'2015-06-03 16:07:48',6,253,2),(5,'2015-06-03 16:07:48',13,0,2),(5,'2015-06-03 16:08:03',6,0,2),(5,'2015-06-03 16:08:03',13,264,2),(5,'2015-06-03 16:08:08',3,0,2),(5,'2015-06-03 16:08:10',7,0,2),(5,'2015-06-03 16:08:18',10,0,2),(5,'2015-06-03 16:08:18',14,0,2),(5,'2015-06-03 16:08:23',3,0,2),(5,'2015-06-03 16:08:25',4,0,2),(5,'2015-06-03 16:08:25',6,243,2),(5,'2015-06-03 16:08:26',13,0,2),(5,'2015-06-03 16:08:33',14,0,2),(5,'2015-06-03 16:08:38',3,0,2),(5,'2015-06-03 16:08:48',14,253,2),(5,'2015-06-03 16:08:49',2,264,2),(5,'2015-06-03 16:08:53',4,0,2),(5,'2015-06-03 16:08:58',5,224,2),(5,'2015-06-03 16:09:03',3,0,2),(5,'2015-06-03 16:09:03',14,0,2),(5,'2015-06-03 16:09:08',4,0,2),(5,'2015-06-03 16:09:12',7,0,2),(5,'2015-06-03 16:09:13',5,0,2),(5,'2015-06-03 16:09:18',3,0,2),(5,'2015-06-03 16:09:18',6,0,2),(5,'2015-06-03 16:09:18',14,0,2),(5,'2015-06-03 16:09:23',4,0,2),(5,'2015-06-03 16:09:33',13,253,2),(5,'2015-06-03 16:09:38',4,0,2),(5,'2015-06-03 16:09:41',1,0,2),(5,'2015-06-03 16:09:43',11,224,2),(5,'2015-06-03 16:09:48',13,0,2),(5,'2015-06-03 16:09:53',9,0,2),(5,'2015-06-03 16:09:56',1,0,2),(5,'2015-06-03 16:10:01',3,3,2),(5,'2015-06-03 16:10:03',6,0,2),(5,'2015-06-03 16:10:08',9,223,2),(5,'2015-06-03 16:10:14',4,66,2),(5,'2015-06-03 16:10:19',8,253,2),(5,'2015-06-03 16:10:21',1,101,2),(5,'2015-06-03 16:10:23',9,0,2),(5,'2015-06-03 16:10:24',7,0,2),(5,'2015-06-03 16:10:34',8,0,2),(5,'2015-06-03 16:10:38',9,0,2),(5,'2015-06-03 16:10:41',13,0,2),(5,'2015-06-03 16:10:44',1,64,2),(5,'2015-06-03 16:10:46',4,3,2),(5,'2015-06-03 16:10:49',8,0,2),(5,'2015-06-03 16:10:53',9,0,2),(5,'2015-06-03 16:10:57',7,0,2),(5,'2015-06-03 16:10:59',3,66,2),(5,'2015-06-03 16:11:01',4,223,2),(5,'2015-06-03 16:11:04',8,0,2),(5,'2015-06-03 16:11:09',13,0,2),(5,'2015-06-03 16:11:11',1,161,2),(5,'2015-06-03 16:11:16',4,228,2),(5,'2015-06-03 16:11:17',6,124,2),(5,'2015-06-03 16:11:19',8,101,2),(5,'2015-06-03 16:11:31',4,0,2),(5,'2015-06-03 16:11:32',6,0,2),(5,'2015-06-03 16:11:34',2,0,2),(5,'2015-06-03 16:11:34',8,0,2),(5,'2015-06-03 16:11:38',10,0,2),(5,'2015-06-03 16:11:43',13,0,2),(5,'2015-06-03 16:11:49',8,0,2),(5,'2015-06-03 16:11:54',9,5,2),(5,'2015-06-03 16:11:54',10,0,2),(5,'2015-06-03 16:11:56',2,161,2),(5,'2015-06-03 16:11:57',4,247,2),(5,'2015-06-03 16:12:03',14,124,2),(5,'2015-06-03 16:12:04',8,64,2),(5,'2015-06-03 16:12:09',9,1,2),(5,'2015-06-03 16:12:09',10,228,2),(5,'2015-06-03 16:12:14',4,0,2),(5,'2015-06-03 16:12:18',11,0,2),(5,'2015-06-03 16:12:19',1,0,2),(5,'2015-06-03 16:12:28',14,0,2),(5,'2015-06-03 16:12:31',3,152,2),(5,'2015-06-03 16:12:34',1,0,2),(5,'2015-06-03 16:12:34',8,156,2),(5,'2015-06-03 16:12:37',4,0,2),(5,'2015-06-03 16:12:42',9,247,2),(5,'2015-06-03 16:12:46',3,5,2),(5,'2015-06-03 16:12:48',13,124,2),(5,'2015-06-03 16:12:50',6,137,2),(5,'2015-06-03 16:12:57',5,219,2),(5,'2015-06-03 16:12:59',9,0,2),(5,'2015-06-03 16:13:00',7,209,2),(5,'2015-06-03 16:13:01',3,1,2),(5,'2015-06-03 16:13:10',4,142,2),(5,'2015-06-03 16:13:13',6,0,2),(5,'2015-06-03 16:13:16',3,0,2),(5,'2015-06-03 16:13:19',7,156,2),(5,'2015-06-03 16:13:25',4,152,2),(5,'2015-06-03 16:13:28',6,0,2),(5,'2015-06-03 16:13:31',3,0,2),(5,'2015-06-03 16:21:46',9,0,2),(5,'2015-06-03 16:21:50',7,0,2),(5,'2015-06-03 16:22:01',9,72,2),(5,'2015-06-03 16:22:09',10,0,2),(5,'2015-06-03 16:22:26',10,0,2),(5,'2015-06-03 16:22:35',8,0,2),(5,'2015-06-03 16:22:36',3,213,2),(5,'2015-06-03 16:22:41',10,0,2),(5,'2015-06-03 16:22:43',1,0,2),(5,'2015-06-03 16:22:46',4,0,2),(5,'2015-06-03 16:22:51',3,72,2),(5,'2015-06-03 16:22:55',9,0,2),(5,'2015-06-03 16:23:03',10,0,2),(5,'2015-06-03 16:23:06',2,17,2);
/*!40000 ALTER TABLE `tollsensor` ENABLE KEYS */;
UNLOCK TABLES;

--
-- Table structure for table `userpw`
--

DROP TABLE IF EXISTS `userpw`;
/*!40101 SET @saved_cs_client     = @@character_set_client */;
/*!40101 SET character_set_client = utf8 */;
CREATE TABLE `userpw` (
  `userid` int(11) NOT NULL,
  `pw` varchar(30) NOT NULL,
  PRIMARY KEY (`userid`),
  CONSTRAINT `userpw_ibfk_1` FOREIGN KEY (`userid`) REFERENCES `users` (`userid`)
) ENGINE=InnoDB DEFAULT CHARSET=utf8;
/*!40101 SET character_set_client = @saved_cs_client */;

--
-- Dumping data for table `userpw`
--

LOCK TABLES `userpw` WRITE;
/*!40000 ALTER TABLE `userpw` DISABLE KEYS */;
/*!40000 ALTER TABLE `userpw` ENABLE KEYS */;
UNLOCK TABLES;

--
-- Table structure for table `users`
--

DROP TABLE IF EXISTS `users`;
/*!40101 SET @saved_cs_client     = @@character_set_client */;
/*!40101 SET character_set_client = utf8 */;
CREATE TABLE `users` (
  `userid` int(11) NOT NULL,
  `uname` varchar(30) NOT NULL,
  `type` int(1) NOT NULL,
  `sensorid` int(11) DEFAULT NULL,
  `plate` varchar(6) DEFAULT NULL,
  `funds` double NOT NULL,
  PRIMARY KEY (`userid`),
  UNIQUE KEY `userid` (`userid`),
  UNIQUE KEY `plate` (`plate`)
) ENGINE=InnoDB DEFAULT CHARSET=utf8;
/*!40101 SET character_set_client = @saved_cs_client */;

--
-- Dumping data for table `users`
--

LOCK TABLES `users` WRITE;
/*!40000 ALTER TABLE `users` DISABLE KEYS */;
INSERT INTO `users` VALUES (1,'1',1,1,NULL,1000),(2,'2',1,2,NULL,1000),(3,'3',1,3,NULL,1000),(4,'4',1,4,NULL,1000),(5,'5',1,5,NULL,1000),(6,'6',1,6,NULL,1000),(7,'7',1,7,NULL,1000),(8,'8',1,8,NULL,1000),(9,'9',1,9,NULL,1000),(10,'10',1,10,NULL,1000),(11,'11',1,11,NULL,1000),(12,'12',1,12,NULL,1000),(13,'13',1,13,NULL,1000),(14,'14',1,14,NULL,1000),(15,'15',1,15,NULL,1000),(16,'16',1,16,NULL,1000),(17,'17',1,17,NULL,1000),(18,'18',1,18,NULL,1000),(19,'19',1,19,NULL,1000),(20,'20',1,20,NULL,1000),(21,'21',1,21,NULL,1000),(22,'22',1,22,NULL,1000),(23,'23',1,23,NULL,1000),(24,'24',1,24,NULL,1000),(25,'25',1,25,NULL,1000),(26,'26',2,NULL,'AAA001',1000),(27,'27',2,NULL,'AAA002',1000),(28,'28',2,NULL,'AAA003',1000),(29,'29',2,NULL,'AAA004',1000),(30,'30',2,NULL,'AAA005',1000),(31,'31',2,NULL,'AAA006',1000),(32,'32',2,NULL,'AAA007',1000),(33,'33',2,NULL,'AAA008',1000),(34,'34',2,NULL,'AAA009',1000),(35,'35',2,NULL,'AAA010',1000),(36,'36',2,NULL,'AAA011',1000),(37,'37',2,NULL,'AAA012',1000),(38,'38',2,NULL,'AAA013',1000),(39,'39',2,NULL,'AAA014',1000),(40,'40',2,NULL,'AAA015',1000),(41,'41',2,NULL,'AAA016',1000),(42,'42',2,NULL,'AAA017',1000),(43,'43',2,NULL,'AAA018',1000),(44,'44',2,NULL,'AAA019',1000),(45,'45',2,NULL,'AAA020',1000),(46,'46',2,NULL,'AAA021',1000),(47,'47',2,NULL,'AAA022',1000),(48,'48',2,NULL,'AAA023',1000),(49,'49',2,NULL,'AAA024',1000),(50,'50',2,NULL,'AAA025',1000),(51,'51',1,51,NULL,1000),(52,'52',1,52,NULL,1000),(53,'53',1,53,NULL,1000),(54,'54',1,54,NULL,1000),(55,'55',2,NULL,'XSK437',1000),(56,'56',2,NULL,'AWG104',1000),(57,'57',1,57,NULL,1000),(58,'58',1,58,NULL,1000),(59,'59',2,NULL,'GLH406',1000),(60,'60',1,60,NULL,1000),(61,'61',1,61,NULL,1000),(62,'62',2,NULL,'HJT526',1000),(63,'63',2,NULL,'CKW264',1000),(64,'64',1,64,NULL,1000),(65,'65',2,NULL,'DIY117',1000),(66,'66',1,66,NULL,1000),(67,'67',1,67,NULL,1000),(68,'68',1,68,NULL,1000),(69,'69',1,69,NULL,1000),(70,'70',2,NULL,'NQY286',1000),(71,'71',1,71,NULL,1000),(72,'72',1,72,NULL,1000),(73,'73',1,73,NULL,1000),(74,'74',1,74,NULL,1000),(75,'75',1,75,NULL,1000),(76,'76',1,76,NULL,1000),(77,'77',1,77,NULL,1000),(78,'78',1,78,NULL,1000),(79,'79',1,79,NULL,1000),(80,'80',1,80,NULL,1000),(81,'81',1,81,NULL,1000),(82,'82',1,82,NULL,1000),(83,'83',1,83,NULL,1000),(84,'84',2,NULL,'QGW045',1000),(85,'85',2,NULL,'EMW813',1000),(86,'86',1,86,NULL,1000),(87,'87',2,NULL,'RYP637',1000),(88,'88',2,NULL,'GLN337',1000),(89,'89',2,NULL,'VVF455',1000),(90,'90',1,90,NULL,1000),(91,'91',1,91,NULL,1000),(92,'92',1,92,NULL,1000),(93,'93',1,93,NULL,1000),(94,'94',1,94,NULL,1000),(95,'95',2,NULL,'KJT745',1000),(96,'96',1,96,NULL,1000),(97,'97',2,NULL,'RXP812',1000),(98,'98',2,NULL,'WVR656',1000),(99,'99',2,NULL,'LOA145',1000),(100,'100',2,NULL,'GNU472',1000),(101,'101',1,101,NULL,1000),(102,'102',1,102,NULL,1000),(103,'103',2,NULL,'FDQ433',1000),(104,'104',1,104,NULL,1000),(105,'105',1,105,NULL,1000),(106,'106',1,106,NULL,1000),(107,'107',1,107,NULL,1000),(108,'108',1,108,NULL,1000),(109,'109',1,109,NULL,1000),(110,'110',1,110,NULL,1000),(111,'111',2,NULL,'JCG050',1000),(112,'112',2,NULL,'HAJ583',1000),(113,'113',2,NULL,'IJH255',1000),(114,'114',2,NULL,'IFL856',1000),(115,'115',1,115,NULL,1000),(116,'116',1,116,NULL,1000),(117,'117',2,NULL,'NFO321',1000),(118,'118',2,NULL,'WFS187',1000),(119,'119',1,119,NULL,1000),(120,'120',2,NULL,'BSP837',1000),(121,'121',1,121,NULL,1000),(122,'122',2,NULL,'QFY587',1000),(123,'123',1,123,NULL,1000),(124,'124',1,124,NULL,1000),(125,'125',1,125,NULL,1000),(126,'126',2,NULL,'TVP842',1000),(127,'127',1,127,NULL,1000),(128,'128',1,128,NULL,1000),(129,'129',1,129,NULL,1000),(130,'130',1,130,NULL,1000),(131,'131',2,NULL,'FNX342',1000),(132,'132',1,132,NULL,1000),(133,'133',1,133,NULL,1000),(134,'134',1,134,NULL,1000),(135,'135',2,NULL,'BFE848',1000),(136,'136',2,NULL,'HPL118',1000),(137,'137',1,137,NULL,1000),(138,'138',2,NULL,'XGR087',1000),(139,'139',1,139,NULL,1000),(140,'140',1,140,NULL,1000),(141,'141',2,NULL,'GGK686',1000),(142,'142',1,142,NULL,1000),(143,'143',2,NULL,'DTE537',1000),(144,'144',1,144,NULL,1000),(145,'145',1,145,NULL,1000),(146,'146',1,146,NULL,1000),(147,'147',2,NULL,'YGS015',1000),(148,'148',2,NULL,'JLS076',1000),(149,'149',1,149,NULL,1000),(150,'150',1,150,NULL,1000),(151,'151',2,NULL,'EIX113',1000),(152,'152',1,152,NULL,1000),(153,'153',2,NULL,'AYD488',1000),(154,'154',1,154,NULL,1000),(155,'155',1,155,NULL,1000),(156,'156',1,156,NULL,1000),(157,'157',1,157,NULL,1000),(158,'158',1,158,NULL,1000),(159,'159',2,NULL,'NPG204',1000),(160,'160',1,160,NULL,1000),(161,'161',1,161,NULL,1000),(162,'162',1,162,NULL,1000),(163,'163',1,163,NULL,1000),(164,'164',1,164,NULL,1000),(165,'165',2,NULL,'XXT000',1000),(166,'166',1,166,NULL,1000),(167,'167',1,167,NULL,1000),(168,'168',2,NULL,'NVS162',1000),(169,'169',2,NULL,'WKF423',1000),(170,'170',1,170,NULL,1000),(171,'171',2,NULL,'QHV245',1000),(172,'172',1,172,NULL,1000),(173,'173',1,173,NULL,1000),(174,'174',1,174,NULL,1000),(175,'175',1,175,NULL,1000),(176,'176',2,NULL,'YNC436',1000),(177,'177',2,NULL,'YDB475',1000),(178,'178',1,178,NULL,1000),(179,'179',1,179,NULL,1000),(180,'180',1,180,NULL,1000),(181,'181',2,NULL,'WMM731',1000),(182,'182',2,NULL,'AKF311',1000),(183,'183',1,183,NULL,1000),(184,'184',1,184,NULL,1000),(185,'185',2,NULL,'HVQ216',1000),(186,'186',2,NULL,'EOG584',1000),(187,'187',1,187,NULL,1000),(188,'188',1,188,NULL,1000),(189,'189',1,189,NULL,1000),(190,'190',1,190,NULL,1000),(191,'191',2,NULL,'DEV371',1000),(192,'192',1,192,NULL,1000),(193,'193',1,193,NULL,1000),(194,'194',1,194,NULL,1000),(195,'195',2,NULL,'YIY710',1000),(196,'196',2,NULL,'JOU577',1000),(197,'197',1,197,NULL,1000),(198,'198',1,198,NULL,1000),(199,'199',1,199,NULL,1000),(200,'200',1,200,NULL,1000),(201,'201',2,NULL,'TGS735',1000),(202,'202',2,NULL,'ABW483',1000),(203,'203',1,203,NULL,1000),(204,'204',1,204,NULL,1000),(205,'205',1,205,NULL,1000),(206,'206',1,206,NULL,1000),(207,'207',1,207,NULL,1000),(208,'208',2,NULL,'HEI132',1000),(209,'209',1,209,NULL,1000),(210,'210',1,210,NULL,1000),(211,'211',1,211,NULL,1000),(212,'212',1,212,NULL,1000),(213,'213',1,213,NULL,1000),(214,'214',2,NULL,'IWD573',1000),(215,'215',1,215,NULL,1000),(216,'216',1,216,NULL,1000),(217,'217',2,NULL,'AXI450',1000),(218,'218',1,218,NULL,1000),(219,'219',1,219,NULL,1000),(220,'220',2,NULL,'XVJ544',1000),(221,'221',1,221,NULL,1000),(222,'222',1,222,NULL,1000),(223,'223',1,223,NULL,1000),(224,'224',1,224,NULL,1000),(225,'225',2,NULL,'GTL147',1000),(226,'226',2,NULL,'JPG185',1000),(227,'227',1,227,NULL,1000),(228,'228',1,228,NULL,1000),(229,'229',1,229,NULL,1000),(230,'230',1,230,NULL,1000),(231,'231',2,NULL,'LKT837',1000),(232,'232',1,232,NULL,1000),(233,'233',1,233,NULL,1000),(234,'234',1,234,NULL,1000),(235,'235',2,NULL,'VYU253',1000),(236,'236',2,NULL,'LEN204',1000),(237,'237',2,NULL,'KSL870',1000),(238,'238',1,238,NULL,1000),(239,'239',1,239,NULL,1000),(240,'240',1,240,NULL,1000),(241,'241',1,241,NULL,1000),(242,'242',2,NULL,'OKI444',1000),(243,'243',1,243,NULL,1000),(244,'244',1,244,NULL,1000),(245,'245',1,245,NULL,1000),(246,'246',2,NULL,'UBG370',1000),(247,'247',1,247,NULL,1000),(248,'248',2,NULL,'UFD371',1000),(249,'249',2,NULL,'MWM304',1000),(250,'250',1,250,NULL,1000),(251,'251',2,NULL,'PPX456',1000),(252,'252',2,NULL,'NDB731',1000),(253,'253',1,253,NULL,1000),(254,'254',1,254,NULL,1000),(255,'255',1,255,NULL,1000),(256,'256',1,256,NULL,1000),(257,'257',1,257,NULL,1000),(258,'258',1,258,NULL,1000),(259,'259',1,259,NULL,1000),(260,'260',1,260,NULL,1000),(261,'261',1,261,NULL,1000),(262,'262',2,NULL,'UBB880',1000),(263,'263',1,263,NULL,1000),(264,'264',1,264,NULL,1000),(265,'265',1,265,NULL,1000),(266,'266',2,NULL,'QKY232',1000),(267,'267',2,NULL,'AKC071',1000),(268,'268',1,268,NULL,1000),(269,'269',2,NULL,'IGY478',1000),(270,'270',2,NULL,'JXF786',1000),(271,'271',1,271,NULL,1000),(272,'272',2,NULL,'FCP088',1000),(273,'273',1,273,NULL,1000),(274,'274',1,274,NULL,1000),(275,'275',2,NULL,'OHO654',1000),(276,'276',1,276,NULL,1000),(277,'277',1,277,NULL,1000),(278,'278',1,278,NULL,1000),(279,'279',2,NULL,'CBJ420',1000),(280,'280',1,280,NULL,1000),(281,'281',2,NULL,'RHJ565',1000),(282,'282',2,NULL,'MEX065',1000),(283,'283',2,NULL,'WIC556',1000),(284,'284',1,284,NULL,1000),(285,'285',2,NULL,'UEW753',1000),(286,'286',1,286,NULL,1000),(287,'287',1,287,NULL,1000),(288,'288',2,NULL,'CLT555',1000),(289,'289',1,289,NULL,1000),(290,'290',1,290,NULL,1000),(291,'291',1,291,NULL,1000),(292,'292',1,292,NULL,1000),(293,'293',2,NULL,'WRM022',1000),(294,'294',1,294,NULL,1000),(295,'295',1,295,NULL,1000),(296,'296',1,296,NULL,1000),(297,'297',1,297,NULL,1000),(298,'298',2,NULL,'JQK514',1000),(299,'299',2,NULL,'EJB353',1000),(300,'300',1,300,NULL,1000),(301,'301',1,301,NULL,1000),(302,'302',1,302,NULL,1000),(303,'303',1,303,NULL,1000),(304,'304',1,304,NULL,1000),(305,'305',2,NULL,'BFF556',1000),(306,'306',2,NULL,'AGQ645',1000),(307,'307',1,307,NULL,1000),(308,'308',1,308,NULL,1000),(309,'309',1,309,NULL,1000),(310,'310',2,NULL,'RWA428',1000),(311,'311',1,311,NULL,1000),(312,'312',2,NULL,'UAP141',1000),(313,'313',1,313,NULL,1000),(314,'314',2,NULL,'TQI377',1000),(315,'315',2,NULL,'WRX723',1000),(316,'316',1,316,NULL,1000),(317,'317',1,317,NULL,1000),(318,'318',1,318,NULL,1000),(319,'319',2,NULL,'RYU816',1000),(320,'320',1,320,NULL,1000),(321,'321',1,321,NULL,1000),(322,'322',1,322,NULL,1000),(323,'323',1,323,NULL,1000),(324,'324',1,324,NULL,1000),(325,'325',2,NULL,'PNC526',1000),(326,'326',1,326,NULL,1000),(327,'327',1,327,NULL,1000),(328,'328',1,328,NULL,1000);
/*!40000 ALTER TABLE `users` ENABLE KEYS */;
UNLOCK TABLES;
/*!40103 SET TIME_ZONE=@OLD_TIME_ZONE */;

/*!40101 SET SQL_MODE=@OLD_SQL_MODE */;
/*!40014 SET FOREIGN_KEY_CHECKS=@OLD_FOREIGN_KEY_CHECKS */;
/*!40014 SET UNIQUE_CHECKS=@OLD_UNIQUE_CHECKS */;
/*!40101 SET CHARACTER_SET_CLIENT=@OLD_CHARACTER_SET_CLIENT */;
/*!40101 SET CHARACTER_SET_RESULTS=@OLD_CHARACTER_SET_RESULTS */;
/*!40101 SET COLLATION_CONNECTION=@OLD_COLLATION_CONNECTION */;
/*!40111 SET SQL_NOTES=@OLD_SQL_NOTES */;

-- Dump completed on 2015-06-03 11:34:38
